Comunidad_Autonoma,Año,Trimestre,Periodo,Valor_Tasado_€_m2
Andalucía,1995,1,1995T1,513.4
Aragón,1995,1,1995T1,573.6
"Asturias, Principado de",1995,1,1995T1,657.9
"Balears, Illes",1995,1,1995T1,586.0
Canarias,1995,1,1995T1,572.4
Cantabria,1995,1,1995T1,750.0
Castilla y León,1995,1,1995T1,616.9
Castilla-La Mancha,1995,1,1995T1,505.3
Cataluña,1995,1,1995T1,735.0
Comunitat Valenciana,1995,1,1995T1,479.2
Extremadura,1995,1,1995T1,394.7
Galicia,1995,1,1995T1,584.5
"Madrid, Comunidad de",1995,1,1995T1,1078.4
"Murcia, Región de",1995,1,1995T1,425.9
"Navarra, Comunidad Foral de",1995,1,1995T1,722.8
País Vasco,1995,1,1995T1,926.5
"Rioja, La",1995,1,1995T1,588.6
Comunitat Valenciana,1995,1,1995T1,466.0
Andalucía,1995,2,1995T2,514.7
Aragón,1995,2,1995T2,570.6
"Asturias, Principado de",1995,2,1995T2,635.1
"Balears, Illes",1995,2,1995T2,591.6
Canarias,1995,2,1995T2,598.4
Cantabria,1995,2,1995T2,751.6
Castilla y León,1995,2,1995T2,631.6
Castilla-La Mancha,1995,2,1995T2,500.6
Cataluña,1995,2,1995T2,744.6
Comunitat Valenciana,1995,2,1995T2,479.2
Extremadura,1995,2,1995T2,399.8
Galicia,1995,2,1995T2,618.8
"Madrid, Comunidad de",1995,2,1995T2,1078.4
"Murcia, Región de",1995,2,1995T2,421.0
"Navarra, Comunidad Foral de",1995,2,1995T2,742.7
País Vasco,1995,2,1995T2,921.6
"Rioja, La",1995,2,1995T2,598.4
Comunitat Valenciana,1995,2,1995T2,459.8
Andalucía,1995,3,1995T3,495.3
Aragón,1995,3,1995T3,590.1
"Asturias, Principado de",1995,3,1995T3,643.7
"Balears, Illes",1995,3,1995T3,591.6
Canarias,1995,3,1995T3,593.8
Cantabria,1995,3,1995T3,714.3
Castilla y León,1995,3,1995T3,641.4
Castilla-La Mancha,1995,3,1995T3,503.0
Cataluña,1995,3,1995T3,750.4
Comunitat Valenciana,1995,3,1995T3,488.6
Extremadura,1995,3,1995T3,399.8
Galicia,1995,3,1995T3,599.4
"Madrid, Comunidad de",1995,3,1995T3,1086.2
"Murcia, Región de",1995,3,1995T3,429.7
"Navarra, Comunidad Foral de",1995,3,1995T3,759.6
País Vasco,1995,3,1995T3,926.5
"Rioja, La",1995,3,1995T3,594.2
Comunitat Valenciana,1995,3,1995T3,472.2
Andalucía,1995,4,1995T4,514.7
Aragón,1995,4,1995T4,597.5
"Asturias, Principado de",1995,4,1995T4,636.6
"Balears, Illes",1995,4,1995T4,599.2
Canarias,1995,4,1995T4,607.5
Cantabria,1995,4,1995T4,735.4
Castilla y León,1995,4,1995T4,635.3
Castilla-La Mancha,1995,4,1995T4,512.4
Cataluña,1995,4,1995T4,754.3
Comunitat Valenciana,1995,4,1995T4,490.0
Extremadura,1995,4,1995T4,400.6
Galicia,1995,4,1995T4,607.4
"Madrid, Comunidad de",1995,4,1995T4,1115.0
"Murcia, Región de",1995,4,1995T4,428.4
"Navarra, Comunidad Foral de",1995,4,1995T4,721.3
País Vasco,1995,4,1995T4,904.5
"Rioja, La",1995,4,1995T4,631.9
Comunitat Valenciana,1995,4,1995T4,469.7
Andalucía,1996,1,1996T1,507.8
Aragón,1996,1,1996T1,596.0
"Asturias, Principado de",1996,1,1996T1,662.2
"Balears, Illes",1996,1,1996T1,589.7
Canarias,1996,1,1996T1,610.6
Cantabria,1996,1,1996T1,733.7
Castilla y León,1996,1,1996T1,618.1
Castilla-La Mancha,1996,1,1996T1,510.1
Cataluña,1996,1,1996T1,754.3
Comunitat Valenciana,1996,1,1996T1,496.7
Extremadura,1996,1,1996T1,401.4
Galicia,1996,1,1996T1,600.5
"Madrid, Comunidad de",1996,1,1996T1,1104.5
"Murcia, Región de",1996,1,1996T1,424.7
"Navarra, Comunidad Foral de",1996,1,1996T1,736.6
País Vasco,1996,1,1996T1,938.7
"Rioja, La",1996,1,1996T1,625.0
Comunitat Valenciana,1996,1,1996T1,485.7
Andalucía,1996,2,1996T2,503.6
Aragón,1996,2,1996T2,581.1
"Asturias, Principado de",1996,2,1996T2,666.5
"Balears, Illes",1996,2,1996T2,599.2
Canarias,1996,2,1996T2,613.7
Cantabria,1996,2,1996T2,728.9
Castilla y León,1996,2,1996T2,641.4
Castilla-La Mancha,1996,2,1996T2,504.2
Cataluña,1996,2,1996T2,758.1
Comunitat Valenciana,1996,2,1996T2,499.4
Extremadura,1996,2,1996T2,413.1
Galicia,1996,2,1996T2,601.7
"Madrid, Comunidad de",1996,2,1996T2,1070.5
"Murcia, Región de",1996,2,1996T2,428.4
"Navarra, Comunidad Foral de",1996,2,1996T2,724.4
País Vasco,1996,2,1996T2,928.9
"Rioja, La",1996,2,1996T2,612.4
Comunitat Valenciana,1996,2,1996T2,487.0
Andalucía,1996,3,1996T3,505.0
Aragón,1996,3,1996T3,599.0
"Asturias, Principado de",1996,3,1996T3,679.3
"Balears, Illes",1996,3,1996T3,601.1
Canarias,1996,3,1996T3,622.8
Cantabria,1996,3,1996T3,735.4
Castilla y León,1996,3,1996T3,636.5
Castilla-La Mancha,1996,3,1996T3,527.8
Cataluña,1996,3,1996T3,765.9
Comunitat Valenciana,1996,3,1996T3,508.9
Extremadura,1996,3,1996T3,412.3
Galicia,1996,3,1996T3,606.3
"Madrid, Comunidad de",1996,3,1996T3,1065.3
"Murcia, Región de",1996,3,1996T3,433.4
"Navarra, Comunidad Foral de",1996,3,1996T3,785.6
País Vasco,1996,3,1996T3,970.5
"Rioja, La",1996,3,1996T3,622.2
Comunitat Valenciana,1996,3,1996T3,495.6
Andalucía,1996,4,1996T4,513.4
Aragón,1996,4,1996T4,597.5
"Asturias, Principado de",1996,4,1996T4,667.9
"Balears, Illes",1996,4,1996T4,623.8
Canarias,1996,4,1996T4,633.5
Cantabria,1996,4,1996T4,784.1
Castilla y León,1996,4,1996T4,632.8
Castilla-La Mancha,1996,4,1996T4,526.6
Cataluña,1996,4,1996T4,777.4
Comunitat Valenciana,1996,4,1996T4,506.2
Extremadura,1996,4,1996T4,419.8
Galicia,1996,4,1996T4,622.3
"Madrid, Comunidad de",1996,4,1996T4,1083.6
"Murcia, Región de",1996,4,1996T4,433.4
"Navarra, Comunidad Foral de",1996,4,1996T4,741.2
País Vasco,1996,4,1996T4,970.5
"Rioja, La",1996,4,1996T4,599.8
Comunitat Valenciana,1996,4,1996T4,489.5
Andalucía,1997,1,1997T1,509.2
Aragón,1997,1,1997T1,581.1
"Asturias, Principado de",1997,1,1997T1,677.9
"Balears, Illes",1997,1,1997T1,627.5
Canarias,1997,1,1997T1,647.2
Cantabria,1997,1,1997T1,753.2
Castilla y León,1997,1,1997T1,640.2
Castilla-La Mancha,1997,1,1997T1,519.5
Cataluña,1997,1,1997T1,781.3
Comunitat Valenciana,1997,1,1997T1,515.6
Extremadura,1997,1,1997T1,413.1
Galicia,1997,1,1997T1,607.4
"Madrid, Comunidad de",1997,1,1997T1,1054.8
"Murcia, Región de",1997,1,1997T1,437.1
"Navarra, Comunidad Foral de",1997,1,1997T1,744.3
País Vasco,1997,1,1997T1,938.7
"Rioja, La",1997,1,1997T1,629.1
Comunitat Valenciana,1997,1,1997T1,500.6
Andalucía,1997,2,1997T2,516.1
Aragón,1997,2,1997T2,581.1
"Asturias, Principado de",1997,2,1997T2,685.0
"Balears, Illes",1997,2,1997T2,648.3
Canarias,1997,2,1997T2,674.7
Cantabria,1997,2,1997T2,775.9
Castilla y León,1997,2,1997T2,648.8
Castilla-La Mancha,1997,2,1997T2,524.2
Cataluña,1997,2,1997T2,787.1
Comunitat Valenciana,1997,2,1997T2,519.7
Extremadura,1997,2,1997T2,416.5
Galicia,1997,2,1997T2,622.3
"Madrid, Comunidad de",1997,2,1997T2,1041.7
"Murcia, Región de",1997,2,1997T2,442.1
"Navarra, Comunidad Foral de",1997,2,1997T2,794.8
País Vasco,1997,2,1997T2,953.4
"Rioja, La",1997,2,1997T2,611.0
Comunitat Valenciana,1997,2,1997T2,505.5
Andalucía,1997,3,1997T3,510.6
Aragón,1997,3,1997T3,585.6
"Asturias, Principado de",1997,3,1997T3,695.0
"Balears, Illes",1997,3,1997T3,640.8
Canarias,1997,3,1997T3,676.2
Cantabria,1997,3,1997T3,771.1
Castilla y León,1997,3,1997T3,646.3
Castilla-La Mancha,1997,3,1997T3,539.6
Cataluña,1997,3,1997T3,792.9
Comunitat Valenciana,1997,3,1997T3,522.4
Extremadura,1997,3,1997T3,403.9
Galicia,1997,3,1997T3,618.8
"Madrid, Comunidad de",1997,3,1997T3,1052.2
"Murcia, Región de",1997,3,1997T3,445.8
"Navarra, Comunidad Foral de",1997,3,1997T3,814.7
País Vasco,1997,3,1997T3,943.6
"Rioja, La",1997,3,1997T3,615.2
Comunitat Valenciana,1997,3,1997T3,510.5
Andalucía,1997,4,1997T4,516.1
Aragón,1997,4,1997T4,593.0
"Asturias, Principado de",1997,4,1997T4,672.2
"Balears, Illes",1997,4,1997T4,654.0
Canarias,1997,4,1997T4,683.9
Cantabria,1997,4,1997T4,756.5
Castilla y León,1997,4,1997T4,652.5
Castilla-La Mancha,1997,4,1997T4,536.0
Cataluña,1997,4,1997T4,802.5
Comunitat Valenciana,1997,4,1997T4,522.4
Extremadura,1997,4,1997T4,406.4
Galicia,1997,4,1997T4,629.1
"Madrid, Comunidad de",1997,4,1997T4,1065.3
"Murcia, Región de",1997,4,1997T4,450.8
"Navarra, Comunidad Foral de",1997,4,1997T4,797.9
País Vasco,1997,4,1997T4,965.6
"Rioja, La",1997,4,1997T4,613.8
Comunitat Valenciana,1997,4,1997T4,515.4
Andalucía,1998,1,1998T1,527.3
Aragón,1998,1,1998T1,584.1
"Asturias, Principado de",1998,1,1998T1,702.1
"Balears, Illes",1998,1,1998T1,680.5
Canarias,1998,1,1998T1,702.2
Cantabria,1998,1,1998T1,754.8
Castilla y León,1998,1,1998T1,657.4
Castilla-La Mancha,1998,1,1998T1,532.5
Cataluña,1998,1,1998T1,812.2
Comunitat Valenciana,1998,1,1998T1,537.2
Extremadura,1998,1,1998T1,415.6
Galicia,1998,1,1998T1,639.4
"Madrid, Comunidad de",1998,1,1998T1,1070.5
"Murcia, Región de",1998,1,1998T1,464.4
"Navarra, Comunidad Foral de",1998,1,1998T1,802.5
País Vasco,1998,1,1998T1,970.5
"Rioja, La",1998,1,1998T1,601.2
Comunitat Valenciana,1998,1,1998T1,521.6
Andalucía,1998,2,1998T2,537.0
Aragón,1998,2,1998T2,602.0
"Asturias, Principado de",1998,2,1998T2,712.1
"Balears, Illes",1998,2,1998T2,746.6
Canarias,1998,2,1998T2,726.6
Cantabria,1998,2,1998T2,763.0
Castilla y León,1998,2,1998T2,677.1
Castilla-La Mancha,1998,2,1998T2,529.0
Cataluña,1998,2,1998T2,833.4
Comunitat Valenciana,1998,2,1998T2,556.1
Extremadura,1998,2,1998T2,419.8
Galicia,1998,2,1998T2,647.4
"Madrid, Comunidad de",1998,2,1998T2,1054.8
"Murcia, Región de",1998,2,1998T2,470.6
"Navarra, Comunidad Foral de",1998,2,1998T2,800.9
País Vasco,1998,2,1998T2,1002.3
"Rioja, La",1998,2,1998T2,611.0
Comunitat Valenciana,1998,2,1998T2,536.4
Andalucía,1998,3,1998T3,548.1
Aragón,1998,3,1998T3,642.3
"Asturias, Principado de",1998,3,1998T3,714.9
"Balears, Illes",1998,3,1998T3,771.2
Canarias,1998,3,1998T3,744.9
Cantabria,1998,3,1998T3,780.8
Castilla y León,1998,3,1998T3,686.9
Castilla-La Mancha,1998,3,1998T3,531.3
Cataluña,1998,3,1998T3,860.4
Comunitat Valenciana,1998,3,1998T3,566.9
Extremadura,1998,3,1998T3,433.2
Galicia,1998,3,1998T3,658.9
"Madrid, Comunidad de",1998,3,1998T3,1062.7
"Murcia, Región de",1998,3,1998T3,479.3
"Navarra, Comunidad Foral de",1998,3,1998T3,837.7
País Vasco,1998,3,1998T3,1009.6
"Rioja, La",1998,3,1998T3,630.5
Comunitat Valenciana,1998,3,1998T3,545.1
Andalucía,1998,4,1998T4,552.3
Aragón,1998,4,1998T4,658.8
"Asturias, Principado de",1998,4,1998T4,719.2
"Balears, Illes",1998,4,1998T4,795.8
Canarias,1998,4,1998T4,770.9
Cantabria,1998,4,1998T4,787.3
Castilla y León,1998,4,1998T4,694.3
Castilla-La Mancha,1998,4,1998T4,538.4
Cataluña,1998,4,1998T4,883.5
Comunitat Valenciana,1998,4,1998T4,572.3
Extremadura,1998,4,1998T4,438.2
Galicia,1998,4,1998T4,663.5
"Madrid, Comunidad de",1998,4,1998T4,1062.7
"Murcia, Región de",1998,4,1998T4,489.3
"Navarra, Comunidad Foral de",1998,4,1998T4,805.5
País Vasco,1998,4,1998T4,1065.8
"Rioja, La",1998,4,1998T4,638.9
Comunitat Valenciana,1998,4,1998T4,553.7
Andalucía,1999,1,1999T1,567.6
Aragón,1999,1,1999T1,673.7
"Asturias, Principado de",1999,1,1999T1,742.0
"Balears, Illes",1999,1,1999T1,846.8
Canarias,1999,1,1999T1,802.9
Cantabria,1999,1,1999T1,775.9
Castilla y León,1999,1,1999T1,696.7
Castilla-La Mancha,1999,1,1999T1,551.4
Cataluña,1999,1,1999T1,918.3
Comunitat Valenciana,1999,1,1999T1,592.6
Extremadura,1999,1,1999T1,441.6
Galicia,1999,1,1999T1,662.3
"Madrid, Comunidad de",1999,1,1999T1,1075.8
"Murcia, Región de",1999,1,1999T1,491.8
"Navarra, Comunidad Foral de",1999,1,1999T1,827.0
País Vasco,1999,1,1999T1,1090.3
"Rioja, La",1999,1,1999T1,680.9
Comunitat Valenciana,1999,1,1999T1,577.2
Andalucía,1999,2,1999T2,584.3
Aragón,1999,2,1999T2,711.0
"Asturias, Principado de",1999,2,1999T2,767.6
"Balears, Illes",1999,2,1999T2,914.9
Canarias,1999,2,1999T2,833.5
Cantabria,1999,2,1999T2,801.9
Castilla y León,1999,2,1999T2,725.0
Castilla-La Mancha,1999,2,1999T2,553.7
Cataluña,1999,2,1999T2,949.1
Comunitat Valenciana,1999,2,1999T2,619.6
Extremadura,1999,2,1999T2,450.8
Galicia,1999,2,1999T2,668.0
"Madrid, Comunidad de",1999,2,1999T2,1104.5
"Murcia, Región de",1999,2,1999T2,514.1
"Navarra, Comunidad Foral de",1999,2,1999T2,851.5
País Vasco,1999,2,1999T2,1153.9
"Rioja, La",1999,2,1999T2,713.0
Comunitat Valenciana,1999,2,1999T2,603.2
Andalucía,1999,3,1999T3,601.0
Aragón,1999,3,1999T3,715.5
"Asturias, Principado de",1999,3,1999T3,786.1
"Balears, Illes",1999,3,1999T3,973.5
Canarias,1999,3,1999T3,850.3
Cantabria,1999,3,1999T3,845.7
Castilla y León,1999,3,1999T3,736.1
Castilla-La Mancha,1999,3,1999T3,563.2
Cataluña,1999,3,1999T3,974.2
Comunitat Valenciana,1999,3,1999T3,625.0
Extremadura,1999,3,1999T3,457.5
Galicia,1999,3,1999T3,678.3
"Madrid, Comunidad de",1999,3,1999T3,1141.2
"Murcia, Región de",1999,3,1999T3,511.6
"Navarra, Comunidad Foral de",1999,3,1999T3,897.4
País Vasco,1999,3,1999T3,1215.0
"Rioja, La",1999,3,1999T3,710.2
Comunitat Valenciana,1999,3,1999T3,606.9
Andalucía,1999,4,1999T4,610.7
Aragón,1999,4,1999T4,775.3
"Asturias, Principado de",1999,4,1999T4,798.9
"Balears, Illes",1999,4,1999T4,1026.4
Canarias,1999,4,1999T4,877.7
Cantabria,1999,4,1999T4,863.6
Castilla y León,1999,4,1999T4,745.9
Castilla-La Mancha,1999,4,1999T4,580.9
Cataluña,1999,4,1999T4,1014.7
Comunitat Valenciana,1999,4,1999T4,638.5
Extremadura,1999,4,1999T4,462.5
Galicia,1999,4,1999T4,682.9
"Madrid, Comunidad de",1999,4,1999T4,1177.8
"Murcia, Región de",1999,4,1999T4,521.6
"Navarra, Comunidad Foral de",1999,4,1999T4,925.0
País Vasco,1999,4,1999T4,1259.0
"Rioja, La",1999,4,1999T4,728.4
Comunitat Valenciana,1999,4,1999T4,622.9
Andalucía,2000,1,2000T1,633.0
Aragón,2000,1,2000T1,787.2
"Asturias, Principado de",2000,1,2000T1,814.6
"Balears, Illes",2000,1,2000T1,1054.7
Canarias,2000,1,2000T1,914.4
Cantabria,2000,1,2000T1,879.8
Castilla y León,2000,1,2000T1,766.8
Castilla-La Mancha,2000,1,2000T1,593.9
Cataluña,2000,1,2000T1,1039.8
Comunitat Valenciana,2000,1,2000T1,673.6
Extremadura,2000,1,2000T1,476.7
Galicia,2000,1,2000T1,694.3
"Madrid, Comunidad de",2000,1,2000T1,1201.4
"Murcia, Región de",2000,1,2000T1,546.4
"Navarra, Comunidad Foral de",2000,1,2000T1,947.9
País Vasco,2000,1,2000T1,1342.1
"Rioja, La",2000,1,2000T1,755.0
Comunitat Valenciana,2000,1,2000T1,656.3
Andalucía,2000,2,2000T2,663.6
Aragón,2000,2,2000T2,815.6
"Asturias, Principado de",2000,2,2000T2,851.6
"Balears, Illes",2000,2,2000T2,1141.7
Canarias,2000,2,2000T2,952.5
Cantabria,2000,2,2000T2,886.3
Castilla y León,2000,2,2000T2,785.2
Castilla-La Mancha,2000,2,2000T2,602.2
Cataluña,2000,2,2000T2,1078.4
Comunitat Valenciana,2000,2,2000T2,691.1
Extremadura,2000,2,2000T2,477.5
Galicia,2000,2,2000T2,713.8
"Madrid, Comunidad de",2000,2,2000T2,1251.1
"Murcia, Región de",2000,2,2000T2,565.0
"Navarra, Comunidad Foral de",2000,2,2000T2,993.9
País Vasco,2000,2,2000T2,1403.2
"Rioja, La",2000,2,2000T2,798.3
Comunitat Valenciana,2000,2,2000T2,657.6
Andalucía,2000,3,2000T3,680.3
Aragón,2000,3,2000T3,848.5
"Asturias, Principado de",2000,3,2000T3,873.0
"Balears, Illes",2000,3,2000T3,1156.8
Canarias,2000,3,2000T3,972.4
Cantabria,2000,3,2000T3,944.8
Castilla y León,2000,3,2000T3,813.5
Castilla-La Mancha,2000,3,2000T3,612.8
Cataluña,2000,3,2000T3,1107.3
Comunitat Valenciana,2000,3,2000T3,710.0
Extremadura,2000,3,2000T3,488.4
Galicia,2000,3,2000T3,741.2
"Madrid, Comunidad de",2000,3,2000T3,1298.2
"Murcia, Región de",2000,3,2000T3,586.1
"Navarra, Comunidad Foral de",2000,3,2000T3,1044.4
País Vasco,2000,3,2000T3,1471.6
"Rioja, La",2000,3,2000T3,812.3
Comunitat Valenciana,2000,3,2000T3,674.9
Andalucía,2000,4,2000T4,687.3
Aragón,2000,4,2000T4,860.4
"Asturias, Principado de",2000,4,2000T4,882.9
"Balears, Illes",2000,4,2000T4,1228.6
Canarias,2000,4,2000T4,1016.6
Cantabria,2000,4,2000T4,972.4
Castilla y León,2000,4,2000T4,820.8
Castilla-La Mancha,2000,4,2000T4,622.2
Cataluña,2000,4,2000T4,1144.0
Comunitat Valenciana,2000,4,2000T4,728.9
Extremadura,2000,4,2000T4,506.8
Galicia,2000,4,2000T4,752.7
"Madrid, Comunidad de",2000,4,2000T4,1253.7
"Murcia, Región de",2000,4,2000T4,596.1
"Navarra, Comunidad Foral de",2000,4,2000T4,1068.9
País Vasco,2000,4,2000T4,1498.5
"Rioja, La",2000,4,2000T4,815.1
Comunitat Valenciana,2000,4,2000T4,695.9
Andalucía,2001,1,2001T1,726.2
Aragón,2001,1,2001T1,893.3
"Asturias, Principado de",2001,1,2001T1,897.2
"Balears, Illes",2001,1,2001T1,1247.5
Canarias,2001,1,2001T1,1048.7
Cantabria,2001,1,2001T1,1025.9
Castilla y León,2001,1,2001T1,844.2
Castilla-La Mancha,2001,1,2001T1,648.2
Cataluña,2001,1,2001T1,1178.7
Comunitat Valenciana,2001,1,2001T1,741.0
Extremadura,2001,1,2001T1,517.7
Galicia,2001,1,2001T1,767.6
"Madrid, Comunidad de",2001,1,2001T1,1321.8
"Murcia, Región de",2001,1,2001T1,620.9
"Navarra, Comunidad Foral de",2001,1,2001T1,1099.5
País Vasco,2001,1,2001T1,1562.1
"Rioja, La",2001,1,2001T1,880.8
Comunitat Valenciana,2001,1,2001T1,707.0
Andalucía,2001,2,2001T2,767.9
Aragón,2001,2,2001T2,914.2
"Asturias, Principado de",2001,2,2001T2,932.8
"Balears, Illes",2001,2,2001T2,1317.5
Canarias,2001,2,2001T2,1077.7
Cantabria,2001,2,2001T2,1077.9
Castilla y León,2001,2,2001T2,865.1
Castilla-La Mancha,2001,2,2001T2,670.6
Cataluña,2001,2,2001T2,1217.3
Comunitat Valenciana,2001,2,2001T2,786.9
Extremadura,2001,2,2001T2,530.2
Galicia,2001,2,2001T2,768.7
"Madrid, Comunidad de",2001,2,2001T2,1402.9
"Murcia, Región de",2001,2,2001T2,658.2
"Navarra, Comunidad Foral de",2001,2,2001T2,1122.5
País Vasco,2001,2,2001T2,1630.5
"Rioja, La",2001,2,2001T2,914.4
Comunitat Valenciana,2001,2,2001T2,742.8
Andalucía,2001,3,2001T3,787.4
Aragón,2001,3,2001T3,942.6
"Asturias, Principado de",2001,3,2001T3,948.5
"Balears, Illes",2001,3,2001T3,1368.5
Canarias,2001,3,2001T3,1089.9
Cantabria,2001,3,2001T3,1103.8
Castilla y León,2001,3,2001T3,877.4
Castilla-La Mancha,2001,3,2001T3,681.3
Cataluña,2001,3,2001T3,1230.8
Comunitat Valenciana,2001,3,2001T3,811.2
Extremadura,2001,3,2001T3,551.1
Galicia,2001,3,2001T3,788.1
"Madrid, Comunidad de",2001,3,2001T3,1465.7
"Murcia, Región de",2001,3,2001T3,679.3
"Navarra, Comunidad Foral de",2001,3,2001T3,1130.2
País Vasco,2001,3,2001T3,1689.2
"Rioja, La",2001,3,2001T3,933.9
Comunitat Valenciana,2001,3,2001T3,776.2
Andalucía,2001,4,2001T4,805.5
Aragón,2001,4,2001T4,1000.8
"Asturias, Principado de",2001,4,2001T4,984.1
"Balears, Illes",2001,4,2001T4,1396.9
Canarias,2001,4,2001T4,1111.3
Cantabria,2001,4,2001T4,1115.2
Castilla y León,2001,4,2001T4,887.2
Castilla-La Mancha,2001,4,2001T4,707.2
Cataluña,2001,4,2001T4,1275.1
Comunitat Valenciana,2001,4,2001T4,845.0
Extremadura,2001,4,2001T4,557.0
Galicia,2001,4,2001T4,800.7
"Madrid, Comunidad de",2001,4,2001T4,1533.8
"Murcia, Región de",2001,4,2001T4,699.1
"Navarra, Comunidad Foral de",2001,4,2001T4,1157.7
País Vasco,2001,4,2001T4,1706.3
"Rioja, La",2001,4,2001T4,957.7
Comunitat Valenciana,2001,4,2001T4,779.9
Andalucía,2002,1,2002T1,843.1
Aragón,2002,1,2002T1,1017.3
"Asturias, Principado de",2002,1,2002T1,1004.0
"Balears, Illes",2002,1,2002T1,1413.9
Canarias,2002,1,2002T1,1129.6
Cantabria,2002,1,2002T1,1173.6
Castilla y León,2002,1,2002T1,900.7
Castilla-La Mancha,2002,1,2002T1,735.6
Cataluña,2002,1,2002T1,1306.0
Comunitat Valenciana,2002,1,2002T1,861.2
Extremadura,2002,1,2002T1,567.8
Galicia,2002,1,2002T1,792.7
"Madrid, Comunidad de",2002,1,2002T1,1612.3
"Murcia, Región de",2002,1,2002T1,715.3
"Navarra, Comunidad Foral de",2002,1,2002T1,1168.5
País Vasco,2002,1,2002T1,1750.3
"Rioja, La",2002,1,2002T1,1015.0
Comunitat Valenciana,2002,1,2002T1,800.9
Andalucía,2002,2,2002T2,880.6
Aragón,2002,2,2002T2,1047.2
"Asturias, Principado de",2002,2,2002T2,1021.1
"Balears, Illes",2002,2,2002T2,1436.6
Canarias,2002,2,2002T2,1173.9
Cantabria,2002,2,2002T2,1199.6
Castilla y León,2002,2,2002T2,926.5
Castilla-La Mancha,2002,2,2002T2,763.9
Cataluña,2002,2,2002T2,1340.7
Comunitat Valenciana,2002,2,2002T2,897.6
Extremadura,2002,2,2002T2,591.3
Galicia,2002,2,2002T2,832.8
"Madrid, Comunidad de",2002,2,2002T2,1683.0
"Murcia, Región de",2002,2,2002T2,752.5
"Navarra, Comunidad Foral de",2002,2,2002T2,1206.7
País Vasco,2002,2,2002T2,1806.6
"Rioja, La",2002,2,2002T2,1038.8
Comunitat Valenciana,2002,2,2002T2,830.6
Andalucía,2002,3,2002T3,926.5
Aragón,2002,3,2002T3,1084.5
"Asturias, Principado de",2002,3,2002T3,1058.1
"Balears, Illes",2002,3,2002T3,1468.7
Canarias,2002,3,2002T3,1184.6
Cantabria,2002,3,2002T3,1245.1
Castilla y León,2002,3,2002T3,959.7
Castilla-La Mancha,2002,3,2002T3,778.1
Cataluña,2002,3,2002T3,1363.9
Comunitat Valenciana,2002,3,2002T3,953.0
Extremadura,2002,3,2002T3,608.0
Galicia,2002,3,2002T3,873.9
"Madrid, Comunidad de",2002,3,2002T3,1727.5
"Murcia, Región de",2002,3,2002T3,801.0
"Navarra, Comunidad Foral de",2002,3,2002T3,1232.8
País Vasco,2002,3,2002T3,1906.8
"Rioja, La",2002,3,2002T3,1044.4
Comunitat Valenciana,2002,3,2002T3,870.1
Andalucía,2002,4,2002T4,932.1
Aragón,2002,4,2002T4,1130.8
"Asturias, Principado de",2002,4,2002T4,1102.3
"Balears, Illes",2002,4,2002T4,1508.4
Canarias,2002,4,2002T4,1209.0
Cantabria,2002,4,2002T4,1287.3
Castilla y León,2002,4,2002T4,962.2
Castilla-La Mancha,2002,4,2002T4,791.1
Cataluña,2002,4,2002T4,1410.2
Comunitat Valenciana,2002,4,2002T4,975.9
Extremadura,2002,4,2002T4,611.3
Galicia,2002,4,2002T4,886.5
"Madrid, Comunidad de",2002,4,2002T4,1868.8
"Murcia, Región de",2002,4,2002T4,837.0
"Navarra, Comunidad Foral de",2002,4,2002T4,1255.7
País Vasco,2002,4,2002T4,1948.3
"Rioja, La",2002,4,2002T4,1079.3
Comunitat Valenciana,2002,4,2002T4,885.0
Andalucía,2003,1,2003T1,983.6
Aragón,2003,1,2003T1,1117.4
"Asturias, Principado de",2003,1,2003T1,1116.5
"Balears, Illes",2003,1,2003T1,1531.1
Canarias,2003,1,2003T1,1241.0
Cantabria,2003,1,2003T1,1308.4
Castilla y León,2003,1,2003T1,970.8
Castilla-La Mancha,2003,1,2003T1,820.6
Cataluña,2003,1,2003T1,1456.5
Comunitat Valenciana,2003,1,2003T1,1011.0
Extremadura,2003,1,2003T1,627.2
Galicia,2003,1,2003T1,898.0
"Madrid, Comunidad de",2003,1,2003T1,1936.9
"Murcia, Región de",2003,1,2003T1,848.1
"Navarra, Comunidad Foral de",2003,1,2003T1,1258.8
País Vasco,2003,1,2003T1,2026.6
"Rioja, La",2003,1,2003T1,1131.1
Comunitat Valenciana,2003,1,2003T1,923.3
Andalucía,2003,2,2003T2,1037.8
Aragón,2003,2,2003T2,1186.1
"Asturias, Principado de",2003,2,2003T2,1133.6
"Balears, Illes",2003,2,2003T2,1567.0
Canarias,2003,2,2003T2,1268.5
Cantabria,2003,2,2003T2,1324.6
Castilla y León,2003,2,2003T2,1001.5
Castilla-La Mancha,2003,2,2003T2,857.2
Cataluña,2003,2,2003T2,1520.1
Comunitat Valenciana,2003,2,2003T2,1054.2
Extremadura,2003,2,2003T2,651.5
Galicia,2003,2,2003T2,910.5
"Madrid, Comunidad de",2003,2,2003T2,2018.0
"Murcia, Región de",2003,2,2003T2,878.0
"Navarra, Comunidad Foral de",2003,2,2003T2,1310.9
País Vasco,2003,2,2003T2,2082.8
"Rioja, La",2003,2,2003T2,1174.4
Comunitat Valenciana,2003,2,2003T2,955.4
Andalucía,2003,3,2003T3,1090.7
Aragón,2003,3,2003T3,1199.5
"Asturias, Principado de",2003,3,2003T3,1167.8
"Balears, Illes",2003,3,2003T3,1618.0
Canarias,2003,3,2003T3,1311.3
Cantabria,2003,3,2003T3,1387.9
Castilla y León,2003,3,2003T3,1040.8
Castilla-La Mancha,2003,3,2003T3,889.1
Cataluña,2003,3,2003T3,1562.6
Comunitat Valenciana,2003,3,2003T3,1085.2
Extremadura,2003,3,2003T3,674.9
Galicia,2003,3,2003T3,952.9
"Madrid, Comunidad de",2003,3,2003T3,2122.7
"Murcia, Región de",2003,3,2003T3,945.0
"Navarra, Comunidad Foral de",2003,3,2003T3,1341.5
País Vasco,2003,3,2003T3,2102.4
"Rioja, La",2003,3,2003T3,1142.2
Comunitat Valenciana,2003,3,2003T3,975.2
Andalucía,2003,4,2003T4,1121.3
Aragón,2003,4,2003T4,1256.3
"Asturias, Principado de",2003,4,2003T4,1227.6
"Balears, Illes",2003,4,2003T4,1631.2
Canarias,2003,4,2003T4,1329.6
Cantabria,2003,4,2003T4,1435.0
Castilla y León,2003,4,2003T4,1053.1
Castilla-La Mancha,2003,4,2003T4,929.2
Cataluña,2003,4,2003T4,1632.0
Comunitat Valenciana,2003,4,2003T4,1112.2
Extremadura,2003,4,2003T4,695.8
Galicia,2003,4,2003T4,987.2
"Madrid, Comunidad de",2003,4,2003T4,2185.5
"Murcia, Región de",2003,4,2003T4,987.2
"Navarra, Comunidad Foral de",2003,4,2003T4,1343.0
País Vasco,2003,4,2003T4,2107.2
"Rioja, La",2003,4,2003T4,1192.6
Comunitat Valenciana,2003,4,2003T4,997.5
Andalucía,2004,1,2004T1,1179.7
Aragón,2004,1,2004T1,1311.6
"Asturias, Principado de",2004,1,2004T1,1281.7
"Balears, Illes",2004,1,2004T1,1672.8
Canarias,2004,1,2004T1,1375.4
Cantabria,2004,1,2004T1,1461.0
Castilla y León,2004,1,2004T1,1067.8
Castilla-La Mancha,2004,1,2004T1,956.4
Cataluña,2004,1,2004T1,1668.7
Ceuta,2004,1,2004T1,1221.0
Comunitat Valenciana,2004,1,2004T1,1140.6
Extremadura,2004,1,2004T1,724.2
Galicia,2004,1,2004T1,1006.6
"Madrid, Comunidad de",2004,1,2004T1,2298.1
Melilla,2004,1,2004T1,1053.5
"Murcia, Región de",2004,1,2004T1,1061.7
"Navarra, Comunidad Foral de",2004,1,2004T1,1362.9
País Vasco,2004,1,2004T1,2143.9
"Rioja, La",2004,1,2004T1,1248.5
Comunitat Valenciana,2004,1,2004T1,1020.9
Andalucía,2004,2,2004T2,1261.8
Aragón,2004,2,2004T2,1374.3
"Asturias, Principado de",2004,2,2004T2,1301.6
"Balears, Illes",2004,2,2004T2,1710.6
Canarias,2004,2,2004T2,1376.9
Cantabria,2004,2,2004T2,1439.9
Castilla y León,2004,2,2004T2,1150.2
Castilla-La Mancha,2004,2,2004T2,1001.2
Cataluña,2004,2,2004T2,1788.3
Ceuta,2004,2,2004T2,1321.2
Comunitat Valenciana,2004,2,2004T2,1189.2
Extremadura,2004,2,2004T2,739.3
Galicia,2004,2,2004T2,1028.4
"Madrid, Comunidad de",2004,2,2004T2,2387.1
Melilla,2004,2,2004T2,1077.0
"Murcia, Región de",2004,2,2004T2,1115.1
"Navarra, Comunidad Foral de",2004,2,2004T2,1402.8
País Vasco,2004,2,2004T2,2222.1
"Rioja, La",2004,2,2004T2,1255.5
Comunitat Valenciana,2004,2,2004T2,1060.5
Andalucía,2004,3,2004T3,1303.6
Aragón,2004,3,2004T3,1386.2
"Asturias, Principado de",2004,3,2004T3,1301.6
"Balears, Illes",2004,3,2004T3,1769.2
Canarias,2004,3,2004T3,1431.9
Cantabria,2004,3,2004T3,1525.9
Castilla y León,2004,3,2004T3,1162.4
Castilla-La Mancha,2004,3,2004T3,1047.3
Cataluña,2004,3,2004T3,1838.4
Ceuta,2004,3,2004T3,1321.2
Comunitat Valenciana,2004,3,2004T3,1252.6
Extremadura,2004,3,2004T3,768.6
Galicia,2004,3,2004T3,1091.3
"Madrid, Comunidad de",2004,3,2004T3,2423.7
Melilla,2004,3,2004T3,1074.8
"Murcia, Región de",2004,3,2004T3,1192.1
"Navarra, Comunidad Foral de",2004,3,2004T3,1444.1
País Vasco,2004,3,2004T3,2305.3
"Rioja, La",2004,3,2004T3,1234.5
Comunitat Valenciana,2004,3,2004T3,1130.9
Andalucía,2004,4,2004T4,1362.0
Aragón,2004,4,2004T4,1469.9
"Asturias, Principado de",2004,4,2004T4,1367.1
"Balears, Illes",2004,4,2004T4,1833.5
Canarias,2004,4,2004T4,1457.8
Cantabria,2004,4,2004T4,1623.3
Castilla y León,2004,4,2004T4,1228.8
Castilla-La Mancha,2004,4,2004T4,1115.8
Cataluña,2004,4,2004T4,1923.3
Ceuta,2004,4,2004T4,1383.5
Comunitat Valenciana,2004,4,2004T4,1279.6
Extremadura,2004,4,2004T4,802.0
Galicia,2004,4,2004T4,1114.2
"Madrid, Comunidad de",2004,4,2004T4,2517.9
Melilla,2004,4,2004T4,1079.3
"Murcia, Región de",2004,4,2004T4,1246.8
"Navarra, Comunidad Foral de",2004,4,2004T4,1433.4
País Vasco,2004,4,2004T4,2373.7
"Rioja, La",2004,4,2004T4,1286.3
Comunitat Valenciana,2004,4,2004T4,1179.1
Andalucía,2005,1,2005T1,1391.2
Aragón,2005,1,2005T1,1493.8
"Asturias, Principado de",2005,1,2005T1,1424.1
"Balears, Illes",2005,1,2005T1,1890.2
Canarias,2005,1,2005T1,1526.5
Cantabria,2005,1,2005T1,1623.3
Castilla y León,2005,1,2005T1,1228.8
Castilla-La Mancha,2005,1,2005T1,1180.7
Cataluña,2005,1,2005T1,1929.1
Ceuta,2005,1,2005T1,1353.7
Comunitat Valenciana,2005,1,2005T1,1349.8
Extremadura,2005,1,2005T1,836.3
Galicia,2005,1,2005T1,1143.9
"Madrid, Comunidad de",2005,1,2005T1,2617.4
Melilla,2005,1,2005T1,1121.9
"Murcia, Región de",2005,1,2005T1,1241.8
"Navarra, Comunidad Foral de",2005,1,2005T1,1531.4
País Vasco,2005,1,2005T1,2444.6
"Rioja, La",2005,1,2005T1,1398.1
Comunitat Valenciana,2005,1,2005T1,1236.0
Andalucía,2005,2,2005T2,1463.5
Aragón,2005,2,2005T2,1604.3
"Asturias, Principado de",2005,2,2005T2,1435.5
"Balears, Illes",2005,2,2005T2,1969.6
Canarias,2005,2,2005T2,1570.8
Cantabria,2005,2,2005T2,1707.7
Castilla y León,2005,2,2005T2,1291.5
Castilla-La Mancha,2005,2,2005T2,1218.5
Cataluña,2005,2,2005T2,1992.8
Ceuta,2005,2,2005T2,1527.0
Comunitat Valenciana,2005,2,2005T2,1428.1
Extremadura,2005,2,2005T2,862.2
Galicia,2005,2,2005T2,1175.9
"Madrid, Comunidad de",2005,2,2005T2,2701.2
Melilla,2005,2,2005T2,1149.9
"Murcia, Región de",2005,2,2005T2,1326.2
"Navarra, Comunidad Foral de",2005,2,2005T2,1539.1
País Vasco,2005,2,2005T2,2486.2
"Rioja, La",2005,2,2005T2,1392.5
Comunitat Valenciana,2005,2,2005T2,1292.9
Andalucía,2005,3,2005T3,1490.8
Aragón,2005,3,2005T3,1613.3
"Asturias, Principado de",2005,3,2005T3,1480.3
"Balears, Illes",2005,3,2005T3,2003.6
Canarias,2005,3,2005T3,1567.7
Cantabria,2005,3,2005T3,1686.0
Castilla y León,2005,3,2005T3,1297.6
Castilla-La Mancha,2005,3,2005T3,1255.1
Cataluña,2005,3,2005T3,2037.1
Ceuta,2005,3,2005T3,1478.2
Comunitat Valenciana,2005,3,2005T3,1456.7
Extremadura,2005,3,2005T3,864.2
Galicia,2005,3,2005T3,1238.8
"Madrid, Comunidad de",2005,3,2005T3,2719.5
Melilla,2005,3,2005T3,1280.1
"Murcia, Región de",2005,3,2005T3,1344.9
"Navarra, Comunidad Foral de",2005,3,2005T3,1557.4
País Vasco,2005,3,2005T3,2537.5
"Rioja, La",2005,3,2005T3,1427.5
Comunitat Valenciana,2005,3,2005T3,1304.0
Andalucía,2005,4,2005T4,1529.6
Aragón,2005,4,2005T4,1661.7
"Asturias, Principado de",2005,4,2005T4,1505.5
"Balears, Illes",2005,4,2005T4,2025.6
Canarias,2005,4,2005T4,1599.1
Cantabria,2005,4,2005T4,1729.8
Castilla y León,2005,4,2005T4,1321.0
Castilla-La Mancha,2005,4,2005T4,1278.9
Cataluña,2005,4,2005T4,2092.1
Ceuta,2005,4,2005T4,1498.9
Comunitat Valenciana,2005,4,2005T4,1490.2
Extremadura,2005,4,2005T4,898.8
Galicia,2005,4,2005T4,1282.2
"Madrid, Comunidad de",2005,4,2005T4,2784.8
Melilla,2005,4,2005T4,1220.8
"Murcia, Región de",2005,4,2005T4,1392.0
"Navarra, Comunidad Foral de",2005,4,2005T4,1596.3
País Vasco,2005,4,2005T4,2585.7
"Rioja, La",2005,4,2005T4,1457.5
Comunitat Valenciana,2005,4,2005T4,1360.1
Andalucía,2006,1,2006T1,1587.4
Aragón,2006,1,2006T1,1741.8
"Asturias, Principado de",2006,1,2006T1,1563.7
"Balears, Illes",2006,1,2006T1,2120.8
Canarias,2006,1,2006T1,1657.8
Cantabria,2006,1,2006T1,1832.7
Castilla y León,2006,1,2006T1,1373.8
Castilla-La Mancha,2006,1,2006T1,1321.2
Cataluña,2006,1,2006T1,2176.0
Ceuta,2006,1,2006T1,1510.8
Comunitat Valenciana,2006,1,2006T1,1537.4
Extremadura,2006,1,2006T1,914.9
Galicia,2006,1,2006T1,1309.8
"Madrid, Comunidad de",2006,1,2006T1,2873.9
Melilla,2006,1,2006T1,1273.4
"Murcia, Región de",2006,1,2006T1,1402.0
"Navarra, Comunidad Foral de",2006,1,2006T1,1632.5
País Vasco,2006,1,2006T1,2716.0
"Rioja, La",2006,1,2006T1,1558.9
Comunitat Valenciana,2006,1,2006T1,1411.5
Andalucía,2006,2,2006T2,1626.3
Aragón,2006,2,2006T2,1829.9
"Asturias, Principado de",2006,2,2006T2,1612.1
"Balears, Illes",2006,2,2006T2,2192.6
Canarias,2006,2,2006T2,1695.9
Cantabria,2006,2,2006T2,1907.4
Castilla y León,2006,2,2006T2,1416.8
Castilla-La Mancha,2006,2,2006T2,1356.6
Cataluña,2006,2,2006T2,2255.1
Ceuta,2006,2,2006T2,1658.3
Comunitat Valenciana,2006,2,2006T2,1571.2
Extremadura,2006,2,2006T2,930.8
Galicia,2006,2,2006T2,1402.4
"Madrid, Comunidad de",2006,2,2006T2,2902.7
Melilla,2006,2,2006T2,1320.5
"Murcia, Región de",2006,2,2006T2,1441.7
"Navarra, Comunidad Foral de",2006,2,2006T2,1670.8
País Vasco,2006,2,2006T2,2752.6
"Rioja, La",2006,2,2006T2,1591.0
Comunitat Valenciana,2006,2,2006T2,1458.5
Andalucía,2006,3,2006T3,1643.0
Aragón,2006,3,2006T3,1847.3
"Asturias, Principado de",2006,3,2006T3,1607.8
"Balears, Illes",2006,3,2006T3,2221.0
Canarias,2006,3,2006T3,1700.5
Cantabria,2006,3,2006T3,1943.1
Castilla y León,2006,3,2006T3,1424.2
Castilla-La Mancha,2006,3,2006T3,1362.5
Cataluña,2006,3,2006T3,2278.3
Ceuta,2006,3,2006T3,1689.7
Comunitat Valenciana,2006,3,2006T3,1573.9
Extremadura,2006,3,2006T3,952.5
Galicia,2006,3,2006T3,1415.7
"Madrid, Comunidad de",2006,3,2006T3,2915.8
Melilla,2006,3,2006T3,1417.0
"Murcia, Región de",2006,3,2006T3,1456.6
"Navarra, Comunidad Foral de",2006,3,2006T3,1652.4
País Vasco,2006,3,2006T3,2816.2
"Rioja, La",2006,3,2006T3,1629.4
Comunitat Valenciana,2006,3,2006T3,1472.1
Andalucía,2006,4,2006T4,1677.8
Aragón,2006,4,2006T4,1876.2
"Asturias, Principado de",2006,4,2006T4,1634.9
"Balears, Illes",2006,4,2006T4,2264.5
Canarias,2006,4,2006T4,1726.4
Cantabria,2006,4,2006T4,1943.1
Castilla y León,2006,4,2006T4,1451.2
Castilla-La Mancha,2006,4,2006T4,1401.6
Cataluña,2006,4,2006T4,2316.8
Ceuta,2006,4,2006T4,1697.5
Comunitat Valenciana,2006,4,2006T4,1598.2
Extremadura,2006,4,2006T4,974.2
Galicia,2006,4,2006T4,1448.0
"Madrid, Comunidad de",2006,4,2006T4,2955.0
Melilla,2006,4,2006T4,1422.5
"Murcia, Región de",2006,4,2006T4,1496.4
"Navarra, Comunidad Foral de",2006,4,2006T4,1698.3
País Vasco,2006,4,2006T4,2824.1
"Rioja, La",2006,4,2006T4,1600.8
Comunitat Valenciana,2006,4,2006T4,1504.2
Andalucía,2007,1,2007T1,1707.0
Aragón,2007,1,2007T1,1883.7
"Asturias, Principado de",2007,1,2007T1,1655.3
"Balears, Illes",2007,1,2007T1,2311.7
Canarias,2007,1,2007T1,1750.8
Cantabria,2007,1,2007T1,1986.9
Castilla y León,2007,1,2007T1,1480.7
Castilla-La Mancha,2007,1,2007T1,1407.4
Cataluña,2007,1,2007T1,2357.4
Ceuta,2007,1,2007T1,1730.9
Comunitat Valenciana,2007,1,2007T1,1626.5
Extremadura,2007,1,2007T1,978.5
Galicia,2007,1,2007T1,1471.1
"Madrid, Comunidad de",2007,1,2007T1,3002.2
Melilla,2007,1,2007T1,1429.0
"Murcia, Región de",2007,1,2007T1,1533.6
"Navarra, Comunidad Foral de",2007,1,2007T1,1729.0
País Vasco,2007,1,2007T1,2872.4
"Rioja, La",2007,1,2007T1,1600.0
Comunitat Valenciana,2007,1,2007T1,1535.1
Andalucía,2007,2,2007T2,1740.4
Aragón,2007,2,2007T2,1937.5
"Asturias, Principado de",2007,2,2007T2,1727.4
"Balears, Illes",2007,2,2007T2,2364.6
Canarias,2007,2,2007T2,1797.6
Cantabria,2007,2,2007T2,2030.7
Castilla y León,2007,2,2007T2,1502.8
Castilla-La Mancha,2007,2,2007T2,1417.7
Cataluña,2007,2,2007T2,2382.3
Ceuta,2007,2,2007T2,1790.2
Comunitat Valenciana,2007,2,2007T2,1649.5
Extremadura,2007,2,2007T2,1020.1
Galicia,2007,2,2007T2,1512.2
"Madrid, Comunidad de",2007,2,2007T2,2989.1
Melilla,2007,2,2007T2,1461.8
"Murcia, Región de",2007,2,2007T2,1578.3
"Navarra, Comunidad Foral de",2007,2,2007T2,1721.3
País Vasco,2007,2,2007T2,2936.4
"Rioja, La",2007,2,2007T2,1593.4
Comunitat Valenciana,2007,2,2007T2,1564.8
Andalucía,2007,3,2007T3,1752.9
Aragón,2007,3,2007T3,1907.6
"Asturias, Principado de",2007,3,2007T3,1748.8
"Balears, Illes",2007,3,2007T3,2372.2
Canarias,2007,3,2007T3,1809.4
Cantabria,2007,3,2007T3,2089.2
Castilla y León,2007,3,2007T3,1505.3
Castilla-La Mancha,2007,3,2007T3,1433.4
Cataluña,2007,3,2007T3,2399.8
Ceuta,2007,3,2007T3,1819.4
Comunitat Valenciana,2007,3,2007T3,1641.4
Extremadura,2007,3,2007T3,1022.0
Galicia,2007,3,2007T3,1516.8
"Madrid, Comunidad de",2007,3,2007T3,3004.8
Melilla,2007,3,2007T3,1496.6
"Murcia, Región de",2007,3,2007T3,1611.9
"Navarra, Comunidad Foral de",2007,3,2007T3,1661.6
País Vasco,2007,3,2007T3,2954.6
"Rioja, La",2007,3,2007T3,1588.2
Comunitat Valenciana,2007,3,2007T3,1547.5
Andalucía,2007,4,2007T4,1758.5
Aragón,2007,4,2007T4,1930.9
"Asturias, Principado de",2007,4,2007T4,1760.2
"Balears, Illes",2007,4,2007T4,2421.3
Canarias,2007,4,2007T4,1825.7
Cantabria,2007,4,2007T4,2050.2
Castilla y León,2007,4,2007T4,1517.6
Castilla-La Mancha,2007,4,2007T4,1438.0
Cataluña,2007,4,2007T4,2450.8
Ceuta,2007,4,2007T4,1853.7
Comunitat Valenciana,2007,4,2007T4,1664.3
Extremadura,2007,4,2007T4,1025.3
Galicia,2007,4,2007T4,1547.7
"Madrid, Comunidad de",2007,4,2007T4,3007.4
Melilla,2007,4,2007T4,1521.9
"Murcia, Región de",2007,4,2007T4,1618.1
"Navarra, Comunidad Foral de",2007,4,2007T4,1709.0
País Vasco,2007,4,2007T4,2969.5
"Rioja, La",2007,4,2007T4,1620.8
Comunitat Valenciana,2007,4,2007T4,1579.6
Andalucía,2008,1,2008T1,1800.2
Aragón,2008,1,2008T1,1962.9
"Asturias, Principado de",2008,1,2008T1,1775.9
"Balears, Illes",2008,1,2008T1,2408.1
Canarias,2008,1,2008T1,1833.3
Cantabria,2008,1,2008T1,2035.6
Castilla y León,2008,1,2008T1,1522.5
Castilla-La Mancha,2008,1,2008T1,1447.5
Cataluña,2008,1,2008T1,2457.6
Ceuta,2008,1,2008T1,1845.3
Comunitat Valenciana,2008,1,2008T1,1684.6
Extremadura,2008,1,2008T1,1027.0
Galicia,2008,1,2008T1,1571.7
"Madrid, Comunidad de",2008,1,2008T1,3004.8
Melilla,2008,1,2008T1,1528.2
"Murcia, Región de",2008,1,2008T1,1614.3
"Navarra, Comunidad Foral de",2008,1,2008T1,1751.9
País Vasco,2008,1,2008T1,3035.8
"Rioja, La",2008,1,2008T1,1644.2
Comunitat Valenciana,2008,1,2008T1,1634.0
Andalucía,2008,2,2008T2,1805.8
Aragón,2008,2,2008T2,1935.5
"Asturias, Principado de",2008,2,2008T2,1781.5
"Balears, Illes",2008,2,2008T2,2427.0
Canarias,2008,2,2008T2,1841.0
Cantabria,2008,2,2008T2,2076.2
Castilla y León,2008,2,2008T2,1509.0
Castilla-La Mancha,2008,2,2008T2,1429.8
Cataluña,2008,2,2008T2,2490.5
Ceuta,2008,2,2008T2,1864.3
Comunitat Valenciana,2008,2,2008T2,1698.0
Extremadura,2008,2,2008T2,1025.3
Galicia,2008,2,2008T2,1560.8
"Madrid, Comunidad de",2008,2,2008T2,2978.6
Melilla,2008,2,2008T2,1587.5
"Murcia, Región de",2008,2,2008T2,1588.7
"Navarra, Comunidad Foral de",2008,2,2008T2,1750.4
País Vasco,2008,2,2008T2,3025.9
"Rioja, La",2008,2,2008T2,1616.2
Comunitat Valenciana,2008,2,2008T2,1638.9
Andalucía,2008,3,2008T3,1780.7
Aragón,2008,3,2008T3,1877.7
"Asturias, Principado de",2008,3,2008T3,1768.7
"Balears, Illes",2008,3,2008T3,2411.9
Canarias,2008,3,2008T3,1765.6
Cantabria,2008,3,2008T3,2027.5
Castilla y León,2008,3,2008T3,1489.3
Castilla-La Mancha,2008,3,2008T3,1388.5
Cataluña,2008,3,2008T3,2470.8
Ceuta,2008,3,2008T3,1927.3
Comunitat Valenciana,2008,3,2008T3,1658.9
Extremadura,2008,3,2008T3,1023.6
Galicia,2008,3,2008T3,1566.0
"Madrid, Comunidad de",2008,3,2008T3,2894.8
Melilla,2008,3,2008T3,1610.9
"Murcia, Región de",2008,3,2008T3,1603.2
"Navarra, Comunidad Foral de",2008,3,2008T3,1745.8
País Vasco,2008,3,2008T3,3023.7
"Rioja, La",2008,3,2008T3,1561.7
Comunitat Valenciana,2008,3,2008T3,1624.1
Andalucía,2008,4,2008T4,1740.4
Aragón,2008,4,2008T4,1855.7
"Asturias, Principado de",2008,4,2008T4,1753.1
"Balears, Illes",2008,4,2008T4,2391.1
Canarias,2008,4,2008T4,1734.1
Cantabria,2008,4,2008T4,1957.7
Castilla y León,2008,4,2008T4,1459.8
Castilla-La Mancha,2008,4,2008T4,1342.5
Cataluña,2008,4,2008T4,2434.5
Ceuta,2008,4,2008T4,1913.9
Comunitat Valenciana,2008,4,2008T4,1640.3
Extremadura,2008,4,2008T4,1026.1
Galicia,2008,4,2008T4,1510.8
"Madrid, Comunidad de",2008,4,2008T4,2778.4
Melilla,2008,4,2008T4,1630.1
"Murcia, Región de",2008,4,2008T4,1523.7
"Navarra, Comunidad Foral de",2008,4,2008T4,1745.8
País Vasco,2008,4,2008T4,2898.2
"Rioja, La",2008,4,2008T4,1525.3
Comunitat Valenciana,2008,4,2008T4,1601.2
Andalucía,2009,1,2009T1,1700.0
Aragón,2009,1,2009T1,1776.1
"Asturias, Principado de",2009,1,2009T1,1664.8
"Balears, Illes",2009,1,2009T1,2260.7
Canarias,2009,1,2009T1,1688.3
Cantabria,2009,1,2009T1,1876.5
Castilla y León,2009,1,2009T1,1416.8
Castilla-La Mancha,2009,1,2009T1,1279.9
Cataluña,2009,1,2009T1,2361.2
Ceuta,2009,1,2009T1,1836.4
Comunitat Valenciana,2009,1,2009T1,1573.9
Extremadura,2009,1,2009T1,1015.3
Galicia,2009,1,2009T1,1471.2
"Madrid, Comunidad de",2009,1,2009T1,2706.4
Melilla,2009,1,2009T1,1605.4
"Murcia, Región de",2009,1,2009T1,1445.5
"Navarra, Comunidad Foral de",2009,1,2009T1,1687.6
País Vasco,2009,1,2009T1,2843.1
"Rioja, La",2009,1,2009T1,1533.7
Comunitat Valenciana,2009,1,2009T1,1561.1
Andalucía,2009,2,2009T2,1666.0
Aragón,2009,2,2009T2,1723.2
"Asturias, Principado de",2009,2,2009T2,1611.5
"Balears, Illes",2009,2,2009T2,2199.7
Canarias,2009,2,2009T2,1683.2
Cantabria,2009,2,2009T2,1850.2
Castilla y León,2009,2,2009T2,1399.8
Castilla-La Mancha,2009,2,2009T2,1244.1
Cataluña,2009,2,2009T2,2304.5
Ceuta,2009,2,2009T2,1841.6
Comunitat Valenciana,2009,2,2009T2,1544.0
Extremadura,2009,2,2009T2,1017.3
Galicia,2009,2,2009T2,1441.4
"Madrid, Comunidad de",2009,2,2009T2,2665.8
Melilla,2009,2,2009T2,1607.0
"Murcia, Región de",2009,2,2009T2,1405.0
"Navarra, Comunidad Foral de",2009,2,2009T2,1630.2
País Vasco,2009,2,2009T2,2780.6
"Rioja, La",2009,2,2009T2,1556.7
Comunitat Valenciana,2009,2,2009T2,1533.0
Andalucía,2009,3,2009T3,1634.7
Aragón,2009,3,2009T3,1697.1
"Asturias, Principado de",2009,3,2009T3,1586.8
"Balears, Illes",2009,3,2009T3,2185.2
Canarias,2009,3,2009T3,1673.0
Cantabria,2009,3,2009T3,1803.2
Castilla y León,2009,3,2009T3,1382.9
Castilla-La Mancha,2009,3,2009T3,1223.6
Cataluña,2009,3,2009T3,2260.9
Ceuta,2009,3,2009T3,1851.2
Comunitat Valenciana,2009,3,2009T3,1542.8
Extremadura,2009,3,2009T3,1019.4
Galicia,2009,3,2009T3,1426.4
"Madrid, Comunidad de",2009,3,2009T3,2669.7
Melilla,2009,3,2009T3,1618.9
"Murcia, Región de",2009,3,2009T3,1382.2
"Navarra, Comunidad Foral de",2009,3,2009T3,1601.8
País Vasco,2009,3,2009T3,2767.3
"Rioja, La",2009,3,2009T3,1539.3
Comunitat Valenciana,2009,3,2009T3,1511.6
Andalucía,2009,4,2009T4,1613.8
Aragón,2009,4,2009T4,1726.4
"Asturias, Principado de",2009,4,2009T4,1600.7
"Balears, Illes",2009,4,2009T4,2125.8
Canarias,2009,4,2009T4,1613.5
Cantabria,2009,4,2009T4,1798.7
Castilla y León,2009,4,2009T4,1388.6
Castilla-La Mancha,2009,4,2009T4,1238.6
Cataluña,2009,4,2009T4,2286.0
Ceuta,2009,4,2009T4,1855.0
Comunitat Valenciana,2009,4,2009T4,1505.7
Extremadura,2009,4,2009T4,1001.9
Galicia,2009,4,2009T4,1467.8
"Madrid, Comunidad de",2009,4,2009T4,2620.0
Melilla,2009,4,2009T4,1570.6
"Murcia, Región de",2009,4,2009T4,1351.1
"Navarra, Comunidad Foral de",2009,4,2009T4,1623.3
País Vasco,2009,4,2009T4,2738.0
"Rioja, La",2009,4,2009T4,1532.3
Comunitat Valenciana,2009,4,2009T4,1484.9
Andalucía,2010,1,2010T1,1607.2
Aragón,2010,1,2010T1,1667.6
"Asturias, Principado de",2010,1,2010T1,1637.7
"Balears, Illes",2010,1,2010T1,2118.8
Canarias,2010,1,2010T1,1590.6
Cantabria,2010,1,2010T1,1882.1
Castilla y León,2010,1,2010T1,1395.9
Castilla-La Mancha,2010,1,2010T1,1235.0
Cataluña,2010,1,2010T1,2245.8
Ceuta,2010,1,2010T1,1787.7
Comunitat Valenciana,2010,1,2010T1,1476.7
Extremadura,2010,1,2010T1,999.7
Galicia,2010,1,2010T1,1460.0
"Madrid, Comunidad de",2010,1,2010T1,2591.2
Melilla,2010,1,2010T1,1624.5
"Murcia, Región de",2010,1,2010T1,1372.2
"Navarra, Comunidad Foral de",2010,1,2010T1,1615.6
País Vasco,2010,1,2010T1,2698.8
"Rioja, La",2010,1,2010T1,1498.8
Comunitat Valenciana,2010,1,2010T1,1447.3
Andalucía,2010,2,2010T2,1590.1
Aragón,2010,2,2010T2,1663.6
"Asturias, Principado de",2010,2,2010T2,1649.1
"Balears, Illes",2010,2,2010T2,2103.7
Canarias,2010,2,2010T2,1561.6
Cantabria,2010,2,2010T2,1852.2
Castilla y León,2010,2,2010T2,1392.3
Castilla-La Mancha,2010,2,2010T2,1258.0
Cataluña,2010,2,2010T2,2253.2
Ceuta,2010,2,2010T2,1819.7
Comunitat Valenciana,2010,2,2010T2,1459.1
Extremadura,2010,2,2010T2,1014.4
Galicia,2010,2,2010T2,1449.1
"Madrid, Comunidad de",2010,2,2010T2,2552.0
Melilla,2010,2,2010T2,1678.4
"Murcia, Región de",2010,2,2010T2,1356.0
"Navarra, Comunidad Foral de",2010,2,2010T2,1549.5
País Vasco,2010,2,2010T2,2676.8
"Rioja, La",2010,2,2010T2,1516.9
Comunitat Valenciana,2010,2,2010T2,1423.6
Andalucía,2010,3,2010T3,1561.3
Aragón,2010,3,2010T3,1667.6
"Asturias, Principado de",2010,3,2010T3,1616.4
"Balears, Illes",2010,3,2010T3,2056.8
Canarias,2010,3,2010T3,1559.5
Cantabria,2010,3,2010T3,1833.3
Castilla y León,2010,3,2010T3,1369.0
Castilla-La Mancha,2010,3,2010T3,1240.3
Cataluña,2010,3,2010T3,2222.3
Ceuta,2010,3,2010T3,1810.2
Comunitat Valenciana,2010,3,2010T3,1433.5
Extremadura,2010,3,2010T3,985.2
Galicia,2010,3,2010T3,1440.3
"Madrid, Comunidad de",2010,3,2010T3,2507.5
Melilla,2010,3,2010T3,1605.7
"Murcia, Región de",2010,3,2010T3,1361.0
"Navarra, Comunidad Foral de",2010,3,2010T3,1502.1
País Vasco,2010,3,2010T3,2620.6
"Rioja, La",2010,3,2010T3,1501.6
Comunitat Valenciana,2010,3,2010T3,1400.1
Andalucía,2010,4,2010T4,1564.3
Aragón,2010,4,2010T4,1646.7
"Asturias, Principado de",2010,4,2010T4,1636.3
"Balears, Illes",2010,4,2010T4,2094.1
Canarias,2010,4,2010T4,1558.0
Cantabria,2010,4,2010T4,1854.4
Castilla y León,2010,4,2010T4,1380.0
Castilla-La Mancha,2010,4,2010T4,1239.1
Cataluña,2010,4,2010T4,2211.1
Ceuta,2010,4,2010T4,1855.9
Comunitat Valenciana,2010,4,2010T4,1442.9
Extremadura,2010,4,2010T4,998.5
Galicia,2010,4,2010T4,1470.0
"Madrid, Comunidad de",2010,4,2010T4,2465.6
Melilla,2010,4,2010T4,1571.8
"Murcia, Región de",2010,4,2010T4,1327.5
"Navarra, Comunidad Foral de",2010,4,2010T4,1521.9
País Vasco,2010,4,2010T4,2645.1
"Rioja, La",2010,4,2010T4,1463.8
Comunitat Valenciana,2010,4,2010T4,1408.7
Andalucía,2011,1,2011T1,1522.7
Aragón,2011,1,2011T1,1622.3
"Asturias, Principado de",2011,1,2011T1,1562.2
"Balears, Illes",2011,1,2011T1,2039.5
Canarias,2011,1,2011T1,1534.1
Cantabria,2011,1,2011T1,1749.7
Castilla y León,2011,1,2011T1,1331.4
Castilla-La Mancha,2011,1,2011T1,1198.1
Cataluña,2011,1,2011T1,2145.2
Ceuta,2011,1,2011T1,1774.5
Comunitat Valenciana,2011,1,2011T1,1383.5
Extremadura,2011,1,2011T1,984.3
Galicia,2011,1,2011T1,1405.0
"Madrid, Comunidad de",2011,1,2011T1,2360.9
Melilla,2011,1,2011T1,1537.0
"Murcia, Región de",2011,1,2011T1,1267.9
"Navarra, Comunidad Foral de",2011,1,2011T1,1482.1
País Vasco,2011,1,2011T1,2603.5
"Rioja, La",2011,1,2011T1,1463.8
Comunitat Valenciana,2011,1,2011T1,1352.2
Andalucía,2011,2,2011T2,1514.2
Aragón,2011,2,2011T2,1544.6
"Asturias, Principado de",2011,2,2011T2,1616.4
"Balears, Illes",2011,2,2011T2,2008.0
Canarias,2011,2,2011T2,1489.6
Cantabria,2011,2,2011T2,1782.9
Castilla y León,2011,2,2011T2,1312.1
Castilla-La Mancha,2011,2,2011T2,1168.1
Cataluña,2011,2,2011T2,2132.3
Ceuta,2011,2,2011T2,1852.6
Comunitat Valenciana,2011,2,2011T2,1347.1
Extremadura,2011,2,2011T2,975.4
Galicia,2011,2,2011T2,1402.1
"Madrid, Comunidad de",2011,2,2011T2,2351.5
Melilla,2011,2,2011T2,1672.3
"Murcia, Región de",2011,2,2011T2,1242.3
"Navarra, Comunidad Foral de",2011,2,2011T2,1464.3
País Vasco,2011,2,2011T2,2578.5
"Rioja, La",2011,2,2011T2,1433.1
Comunitat Valenciana,2011,2,2011T2,1306.2
Andalucía,2011,3,2011T3,1480.9
Aragón,2011,3,2011T3,1524.5
"Asturias, Principado de",2011,3,2011T3,1595.4
"Balears, Illes",2011,3,2011T3,1965.8
Canarias,2011,3,2011T3,1498.5
Cantabria,2011,3,2011T3,1807.9
Castilla y León,2011,3,2011T3,1285.6
Castilla-La Mancha,2011,3,2011T3,1161.7
Cataluña,2011,3,2011T3,2077.0
Ceuta,2011,3,2011T3,1850.7
Comunitat Valenciana,2011,3,2011T3,1357.9
Extremadura,2011,3,2011T3,994.9
Galicia,2011,3,2011T3,1396.9
"Madrid, Comunidad de",2011,3,2011T3,2295.1
Melilla,2011,3,2011T3,1607.1
"Murcia, Región de",2011,3,2011T3,1248.5
"Navarra, Comunidad Foral de",2011,3,2011T3,1389.6
País Vasco,2011,3,2011T3,2599.1
"Rioja, La",2011,3,2011T3,1388.7
Comunitat Valenciana,2011,3,2011T3,1332.3
Andalucía,2011,4,2011T4,1440.8
Aragón,2011,4,2011T4,1474.2
"Asturias, Principado de",2011,4,2011T4,1581.0
"Balears, Illes",2011,4,2011T4,1950.1
Canarias,2011,4,2011T4,1435.6
Cantabria,2011,4,2011T4,1789.8
Castilla y León,2011,4,2011T4,1292.0
Castilla-La Mancha,2011,4,2011T4,1165.3
Cataluña,2011,4,2011T4,2039.5
Ceuta,2011,4,2011T4,1798.9
Comunitat Valenciana,2011,4,2011T4,1340.4
Extremadura,2011,4,2011T4,981.0
Galicia,2011,4,2011T4,1373.2
"Madrid, Comunidad de",2011,4,2011T4,2260.7
Melilla,2011,4,2011T4,1677.8
"Murcia, Región de",2011,4,2011T4,1231.0
"Navarra, Comunidad Foral de",2011,4,2011T4,1449.4
País Vasco,2011,4,2011T4,2566.1
"Rioja, La",2011,4,2011T4,1347.0
Comunitat Valenciana,2011,4,2011T4,1295.0
Andalucía,2012,1,2012T1,1379.2
Aragón,2012,1,2012T1,1455.0
"Asturias, Principado de",2012,1,2012T1,1528.8
"Balears, Illes",2012,1,2012T1,1885.7
Canarias,2012,1,2012T1,1444.2
Cantabria,2012,1,2012T1,1745.1
Castilla y León,2012,1,2012T1,1233.2
Castilla-La Mancha,2012,1,2012T1,1110.0
Cataluña,2012,1,2012T1,1959.9
Ceuta,2012,1,2012T1,1818.7
Comunitat Valenciana,2012,1,2012T1,1271.4
Extremadura,2012,1,2012T1,932.9
Galicia,2012,1,2012T1,1302.3
"Madrid, Comunidad de",2012,1,2012T1,2181.6
Melilla,2012,1,2012T1,1647.6
"Murcia, Región de",2012,1,2012T1,1185.5
"Navarra, Comunidad Foral de",2012,1,2012T1,1405.9
País Vasco,2012,1,2012T1,2553.9
"Rioja, La",2012,1,2012T1,1347.7
Comunitat Valenciana,2012,1,2012T1,1225.1
Andalucía,2012,2,2012T2,1344.7
Aragón,2012,2,2012T2,1404.3
"Asturias, Principado de",2012,2,2012T2,1515.5
"Balears, Illes",2012,2,2012T2,1859.3
Canarias,2012,2,2012T2,1382.7
Cantabria,2012,2,2012T2,1771.3
Castilla y León,2012,2,2012T2,1229.7
Castilla-La Mancha,2012,2,2012T2,1074.0
Cataluña,2012,2,2012T2,1895.2
Ceuta,2012,2,2012T2,1815.1
Comunitat Valenciana,2012,2,2012T2,1225.9
Extremadura,2012,2,2012T2,908.1
Galicia,2012,2,2012T2,1294.5
"Madrid, Comunidad de",2012,2,2012T2,2116.2
Melilla,2012,2,2012T2,1622.9
"Murcia, Región de",2012,2,2012T2,1172.5
"Navarra, Comunidad Foral de",2012,2,2012T2,1377.8
País Vasco,2012,2,2012T2,2515.0
"Rioja, La",2012,2,2012T2,1347.7
Comunitat Valenciana,2012,2,2012T2,1187.1
Andalucía,2012,3,2012T3,1322.3
Aragón,2012,3,2012T3,1350.9
"Asturias, Principado de",2012,3,2012T3,1512.9
"Balears, Illes",2012,3,2012T3,1812.8
Canarias,2012,3,2012T3,1323.9
Cantabria,2012,3,2012T3,1698.7
Castilla y León,2012,3,2012T3,1206.6
Castilla-La Mancha,2012,3,2012T3,1038.6
Cataluña,2012,3,2012T3,1845.9
Ceuta,2012,3,2012T3,1778.8
Comunitat Valenciana,2012,3,2012T3,1204.1
Extremadura,2012,3,2012T3,873.8
Galicia,2012,3,2012T3,1255.7
"Madrid, Comunidad de",2012,3,2012T3,2035.8
Melilla,2012,3,2012T3,1647.2
"Murcia, Región de",2012,3,2012T3,1129.1
"Navarra, Comunidad Foral de",2012,3,2012T3,1350.2
País Vasco,2012,3,2012T3,2507.5
"Rioja, La",2012,3,2012T3,1307.2
Comunitat Valenciana,2012,3,2012T3,1149.1
Andalucía,2012,4,2012T4,1288.5
Aragón,2012,4,2012T4,1325.5
"Asturias, Principado de",2012,4,2012T4,1455.4
"Balears, Illes",2012,4,2012T4,1800.5
Canarias,2012,4,2012T4,1269.6
Cantabria,2012,4,2012T4,1651.1
Castilla y León,2012,4,2012T4,1202.6
Castilla-La Mancha,2012,4,2012T4,1034.4
Cataluña,2012,4,2012T4,1810.8
Ceuta,2012,4,2012T4,1698.8
Comunitat Valenciana,2012,4,2012T4,1149.1
Extremadura,2012,4,2012T4,888.7
Galicia,2012,4,2012T4,1204.2
"Madrid, Comunidad de",2012,4,2012T4,1980.8
Melilla,2012,4,2012T4,1574.7
"Murcia, Región de",2012,4,2012T4,1059.1
"Navarra, Comunidad Foral de",2012,4,2012T4,1382.6
País Vasco,2012,4,2012T4,2517.5
"Rioja, La",2012,4,2012T4,1307.2
Comunitat Valenciana,2012,4,2012T4,1100.8
Andalucía,2013,1,2013T1,1285.2
Aragón,2013,1,2013T1,1274.8
"Asturias, Principado de",2013,1,2013T1,1427.7
"Balears, Illes",2013,1,2013T1,1828.9
Canarias,2013,1,2013T1,1268.3
Cantabria,2013,1,2013T1,1591.7
Castilla y León,2013,1,2013T1,1160.7
Castilla-La Mancha,2013,1,2013T1,986.7
Cataluña,2013,1,2013T1,1752.9
Ceuta,2013,1,2013T1,1722.6
Comunitat Valenciana,2013,1,2013T1,1143.0
Extremadura,2013,1,2013T1,889.6
Galicia,2013,1,2013T1,1207.8
"Madrid, Comunidad de",2013,1,2013T1,1998.6
Melilla,2013,1,2013T1,1585.7
"Murcia, Región de",2013,1,2013T1,1057.0
"Navarra, Comunidad Foral de",2013,1,2013T1,1399.2
País Vasco,2013,1,2013T1,2524.1
"Rioja, La",2013,1,2013T1,1234.0
Comunitat Valenciana,2013,1,2013T1,1106.3
Andalucía,2013,2,2013T2,1259.0
Aragón,2013,2,2013T2,1236.7
"Asturias, Principado de",2013,2,2013T2,1360.6
"Balears, Illes",2013,2,2013T2,1835.2
Canarias,2013,2,2013T2,1290.1
Cantabria,2013,2,2013T2,1596.5
Castilla y León,2013,2,2013T2,1128.2
Castilla-La Mancha,2013,2,2013T2,950.2
Cataluña,2013,2,2013T2,1691.5
Ceuta,2013,2,2013T2,1752.7
Comunitat Valenciana,2013,2,2013T2,1145.1
Extremadura,2013,2,2013T2,897.6
Galicia,2013,2,2013T2,1218.0
"Madrid, Comunidad de",2013,2,2013T2,2026.6
Melilla,2013,2,2013T2,1509.6
"Murcia, Región de",2013,2,2013T2,1062.3
"Navarra, Comunidad Foral de",2013,2,2013T2,1410.4
País Vasco,2013,2,2013T2,2536.7
"Rioja, La",2013,2,2013T2,1174.8
Comunitat Valenciana,2013,2,2013T2,1099.7
Andalucía,2013,3,2013T3,1237.6
Aragón,2013,3,2013T3,1209.3
"Asturias, Principado de",2013,3,2013T3,1360.6
"Balears, Illes",2013,3,2013T3,1900.3
Canarias,2013,3,2013T3,1282.4
Cantabria,2013,3,2013T3,1516.7
Castilla y León,2013,3,2013T3,1101.1
Castilla-La Mancha,2013,3,2013T3,928.5
Cataluña,2013,3,2013T3,1681.4
Ceuta,2013,3,2013T3,1702.1
Comunitat Valenciana,2013,3,2013T3,1154.1
Extremadura,2013,3,2013T3,898.5
Galicia,2013,3,2013T3,1204.6
"Madrid, Comunidad de",2013,3,2013T3,2042.8
"Murcia, Región de",2013,3,2013T3,1048.5
"Navarra, Comunidad Foral de",2013,3,2013T3,1407.6
País Vasco,2013,3,2013T3,2506.3
"Rioja, La",2013,3,2013T3,1141.9
Comunitat Valenciana,2013,3,2013T3,1089.8
Andalucía,2013,4,2013T4,1208.5
Aragón,2013,4,2013T4,1173.0
"Asturias, Principado de",2013,4,2013T4,1342.9
"Balears, Illes",2013,4,2013T4,1866.1
Canarias,2013,4,2013T4,1273.4
Cantabria,2013,4,2013T4,1450.0
Castilla y León,2013,4,2013T4,1086.4
Castilla-La Mancha,2013,4,2013T4,907.2
Cataluña,2013,4,2013T4,1665.8
Ceuta,2013,4,2013T4,1763.4
Comunitat Valenciana,2013,4,2013T4,1128.3
Extremadura,2013,4,2013T4,851.3
Galicia,2013,4,2013T4,1210.0
"Madrid, Comunidad de",2013,4,2013T4,2022.4
Melilla,2013,4,2013T4,1481.2
"Murcia, Región de",2013,4,2013T4,1005.6
"Navarra, Comunidad Foral de",2013,4,2013T4,1366.8
País Vasco,2013,4,2013T4,2451.6
"Rioja, La",2013,4,2013T4,1092.8
Comunitat Valenciana,2013,4,2013T4,1073.5
Andalucía,2014,1,2014T1,1207.7
Aragón,2014,1,2014T1,1168.7
"Asturias, Principado de",2014,1,2014T1,1352.8
"Balears, Illes",2014,1,2014T1,1873.4
Canarias,2014,1,2014T1,1257.9
Cantabria,2014,1,2014T1,1482.3
Castilla y León,2014,1,2014T1,1083.5
Castilla-La Mancha,2014,1,2014T1,893.5
Cataluña,2014,1,2014T1,1657.9
Ceuta,2014,1,2014T1,1792.8
Comunitat Valenciana,2014,1,2014T1,1114.9
Extremadura,2014,1,2014T1,848.8
Galicia,2014,1,2014T1,1194.7
"Madrid, Comunidad de",2014,1,2014T1,2010.6
Melilla,2014,1,2014T1,1468.5
"Murcia, Región de",2014,1,2014T1,993.9
"Navarra, Comunidad Foral de",2014,1,2014T1,1349.3
País Vasco,2014,1,2014T1,2441.0
"Rioja, La",2014,1,2014T1,1100.6
Comunitat Valenciana,2014,1,2014T1,1052.7
Andalucía,2014,2,2014T2,1207.1
Aragón,2014,2,2014T2,1170.7
"Asturias, Principado de",2014,2,2014T2,1307.1
"Balears, Illes",2014,2,2014T2,1901.0
Canarias,2014,2,2014T2,1266.7
Cantabria,2014,2,2014T2,1504.7
Castilla y León,2014,2,2014T2,1060.7
Castilla-La Mancha,2014,2,2014T2,899.1
Cataluña,2014,2,2014T2,1658.3
Ceuta,2014,2,2014T2,1748.2
Comunitat Valenciana,2014,2,2014T2,1122.8
Extremadura,2014,2,2014T2,837.1
Galicia,2014,2,2014T2,1176.6
"Madrid, Comunidad de",2014,2,2014T2,2008.1
Melilla,2014,2,2014T2,1457.1
"Murcia, Región de",2014,2,2014T2,1001.2
"Navarra, Comunidad Foral de",2014,2,2014T2,1322.3
País Vasco,2014,2,2014T2,2443.4
"Rioja, La",2014,2,2014T2,1118.0
Comunitat Valenciana,2014,2,2014T2,1072.6
Andalucía,2014,3,2014T3,1206.4
Aragón,2014,3,2014T3,1157.8
"Asturias, Principado de",2014,3,2014T3,1306.4
"Balears, Illes",2014,3,2014T3,1897.2
Canarias,2014,3,2014T3,1281.0
Cantabria,2014,3,2014T3,1497.1
Castilla y León,2014,3,2014T3,1058.1
Castilla-La Mancha,2014,3,2014T3,890.2
Cataluña,2014,3,2014T3,1662.9
Ceuta,2014,3,2014T3,1813.8
Comunitat Valenciana,2014,3,2014T3,1116.0
Extremadura,2014,3,2014T3,849.4
Galicia,2014,3,2014T3,1167.2
"Madrid, Comunidad de",2014,3,2014T3,2006.2
Melilla,2014,3,2014T3,1430.4
"Murcia, Región de",2014,3,2014T3,993.7
"Navarra, Comunidad Foral de",2014,3,2014T3,1301.5
País Vasco,2014,3,2014T3,2438.6
"Rioja, La",2014,3,2014T3,1092.4
Comunitat Valenciana,2014,3,2014T3,1061.4
Andalucía,2014,4,2014T4,1211.1
Aragón,2014,4,2014T4,1170.9
"Asturias, Principado de",2014,4,2014T4,1273.4
"Balears, Illes",2014,4,2014T4,1911.8
Canarias,2014,4,2014T4,1285.8
Cantabria,2014,4,2014T4,1502.8
Castilla y León,2014,4,2014T4,1046.1
Castilla-La Mancha,2014,4,2014T4,879.1
Cataluña,2014,4,2014T4,1671.3
Ceuta,2014,4,2014T4,1758.1
Comunitat Valenciana,2014,4,2014T4,1135.3
Extremadura,2014,4,2014T4,854.5
Galicia,2014,4,2014T4,1176.5
"Madrid, Comunidad de",2014,4,2014T4,2033.4
Melilla,2014,4,2014T4,1488.6
"Murcia, Región de",2014,4,2014T4,997.6
"Navarra, Comunidad Foral de",2014,4,2014T4,1309.6
País Vasco,2014,4,2014T4,2416.1
"Rioja, La",2014,4,2014T4,1061.9
Comunitat Valenciana,2014,4,2014T4,1075.9
Andalucía,2015,1,2015T1,1208.3
Aragón,2015,1,2015T1,1190.9
"Asturias, Principado de",2015,1,2015T1,1264.5
"Balears, Illes",2015,1,2015T1,1875.2
Canarias,2015,1,2015T1,1302.7
Cantabria,2015,1,2015T1,1471.9
Castilla y León,2015,1,2015T1,1043.2
Castilla-La Mancha,2015,1,2015T1,882.9
Cataluña,2015,1,2015T1,1654.6
Ceuta,2015,1,2015T1,1703.5
Comunitat Valenciana,2015,1,2015T1,1122.6
Extremadura,2015,1,2015T1,853.6
Galicia,2015,1,2015T1,1167.4
"Madrid, Comunidad de",2015,1,2015T1,2044.1
Melilla,2015,1,2015T1,1505.1
"Murcia, Región de",2015,1,2015T1,980.5
"Navarra, Comunidad Foral de",2015,1,2015T1,1306.8
País Vasco,2015,1,2015T1,2405.1
"Rioja, La",2015,1,2015T1,1095.4
Comunitat Valenciana,2015,1,2015T1,1058.4
Andalucía,2015,2,2015T2,1213.0
Aragón,2015,2,2015T2,1212.1
"Asturias, Principado de",2015,2,2015T2,1271.2
"Balears, Illes",2015,2,2015T2,1927.9
Canarias,2015,2,2015T2,1318.3
Cantabria,2015,2,2015T2,1512.4
Castilla y León,2015,2,2015T2,1050.7
Castilla-La Mancha,2015,2,2015T2,885.9
Cataluña,2015,2,2015T2,1680.8
Ceuta,2015,2,2015T2,1727.5
Comunitat Valenciana,2015,2,2015T2,1139.9
Extremadura,2015,2,2015T2,861.1
Galicia,2015,2,2015T2,1179.6
"Madrid, Comunidad de",2015,2,2015T2,2078.0
Melilla,2015,2,2015T2,1434.4
"Murcia, Región de",2015,2,2015T2,987.9
"Navarra, Comunidad Foral de",2015,2,2015T2,1340.1
País Vasco,2015,2,2015T2,2441.2
"Rioja, La",2015,2,2015T2,1103.8
Comunitat Valenciana,2015,2,2015T2,1066.9
Andalucía,2015,3,2015T3,1218.9
Aragón,2015,3,2015T3,1193.2
"Asturias, Principado de",2015,3,2015T3,1259.9
"Balears, Illes",2015,3,2015T3,1957.5
Canarias,2015,3,2015T3,1311.7
Cantabria,2015,3,2015T3,1484.9
Castilla y León,2015,3,2015T3,1063.1
Castilla-La Mancha,2015,3,2015T3,881.7
Cataluña,2015,3,2015T3,1682.1
Ceuta,2015,3,2015T3,1731.8
Comunitat Valenciana,2015,3,2015T3,1139.6
Extremadura,2015,3,2015T3,863.0
Galicia,2015,3,2015T3,1179.6
"Madrid, Comunidad de",2015,3,2015T3,2075.7
Melilla,2015,3,2015T3,1467.9
"Murcia, Región de",2015,3,2015T3,988.6
"Navarra, Comunidad Foral de",2015,3,2015T3,1329.2
País Vasco,2015,3,2015T3,2405.1
"Rioja, La",2015,3,2015T3,1124.3
Comunitat Valenciana,2015,3,2015T3,1074.5
Andalucía,2015,4,2015T4,1223.7
Aragón,2015,4,2015T4,1193.2
"Asturias, Principado de",2015,4,2015T4,1286.6
"Balears, Illes",2015,4,2015T4,2014.5
Canarias,2015,4,2015T4,1324.3
Cantabria,2015,4,2015T4,1442.4
Castilla y León,2015,4,2015T4,1073.2
Castilla-La Mancha,2015,4,2015T4,891.9
Cataluña,2015,4,2015T4,1721.1
Ceuta,2015,4,2015T4,1719.7
Comunitat Valenciana,2015,4,2015T4,1150.7
Extremadura,2015,4,2015T4,870.9
Galicia,2015,4,2015T4,1186.8
"Madrid, Comunidad de",2015,4,2015T4,2101.9
Melilla,2015,4,2015T4,1463.0
"Murcia, Región de",2015,4,2015T4,996.3
"Navarra, Comunidad Foral de",2015,4,2015T4,1337.9
País Vasco,2015,4,2015T4,2384.4
"Rioja, La",2015,4,2015T4,1096.0
Comunitat Valenciana,2015,4,2015T4,1085.4
Andalucía,2016,1,2016T1,1210.6
Aragón,2016,1,2016T1,1183.3
"Asturias, Principado de",2016,1,2016T1,1286.3
"Balears, Illes",2016,1,2016T1,2054.7
Canarias,2016,1,2016T1,1334.3
Cantabria,2016,1,2016T1,1452.2
Castilla y León,2016,1,2016T1,1063.6
Castilla-La Mancha,2016,1,2016T1,882.5
Cataluña,2016,1,2016T1,1735.2
Ceuta,2016,1,2016T1,1686.4
Comunitat Valenciana,2016,1,2016T1,1149.9
Extremadura,2016,1,2016T1,885.2
Galicia,2016,1,2016T1,1197.5
"Madrid, Comunidad de",2016,1,2016T1,2129.6
Melilla,2016,1,2016T1,1489.3
"Murcia, Región de",2016,1,2016T1,988.8
"Navarra, Comunidad Foral de",2016,1,2016T1,1308.3
País Vasco,2016,1,2016T1,2360.2
"Rioja, La",2016,1,2016T1,1072.4
Comunitat Valenciana,2016,1,2016T1,1089.3
Andalucía,2016,2,2016T2,1223.2
Aragón,2016,2,2016T2,1188.5
"Asturias, Principado de",2016,2,2016T2,1266.3
"Balears, Illes",2016,2,2016T2,2041.7
Canarias,2016,2,2016T2,1356.1
Cantabria,2016,2,2016T2,1493.4
Castilla y León,2016,2,2016T2,1062.9
Castilla-La Mancha,2016,2,2016T2,876.1
Cataluña,2016,2,2016T2,1757.8
Ceuta,2016,2,2016T2,1742.8
Comunitat Valenciana,2016,2,2016T2,1150.2
Extremadura,2016,2,2016T2,882.0
Galicia,2016,2,2016T2,1196.7
"Madrid, Comunidad de",2016,2,2016T2,2178.2
Melilla,2016,2,2016T2,1468.1
"Murcia, Región de",2016,2,2016T2,984.5
"Navarra, Comunidad Foral de",2016,2,2016T2,1311.1
País Vasco,2016,2,2016T2,2399.3
"Rioja, La",2016,2,2016T2,1103.1
Comunitat Valenciana,2016,2,2016T2,1096.2
Andalucía,2016,3,2016T3,1212.8
Aragón,2016,3,2016T3,1175.3
"Asturias, Principado de",2016,3,2016T3,1279.2
"Balears, Illes",2016,3,2016T3,2040.0
Canarias,2016,3,2016T3,1345.7
Cantabria,2016,3,2016T3,1458.9
Castilla y León,2016,3,2016T3,1048.4
Castilla-La Mancha,2016,3,2016T3,872.9
Cataluña,2016,3,2016T3,1762.1
Ceuta,2016,3,2016T3,1715.0
Comunitat Valenciana,2016,3,2016T3,1161.2
Extremadura,2016,3,2016T3,856.0
Galicia,2016,3,2016T3,1185.4
"Madrid, Comunidad de",2016,3,2016T3,2165.4
Melilla,2016,3,2016T3,1493.5
"Murcia, Región de",2016,3,2016T3,984.2
"Navarra, Comunidad Foral de",2016,3,2016T3,1353.4
País Vasco,2016,3,2016T3,2361.9
"Rioja, La",2016,3,2016T3,1067.2
Comunitat Valenciana,2016,3,2016T3,1117.1
Andalucía,2016,4,2016T4,1215.9
Aragón,2016,4,2016T4,1189.2
"Asturias, Principado de",2016,4,2016T4,1269.6
"Balears, Illes",2016,4,2016T4,2070.4
Canarias,2016,4,2016T4,1374.1
Cantabria,2016,4,2016T4,1457.6
Castilla y León,2016,4,2016T4,1056.8
Castilla-La Mancha,2016,4,2016T4,881.3
Cataluña,2016,4,2016T4,1796.7
Ceuta,2016,4,2016T4,1741.7
Comunitat Valenciana,2016,4,2016T4,1151.4
Extremadura,2016,4,2016T4,864.7
Galicia,2016,4,2016T4,1189.8
"Madrid, Comunidad de",2016,4,2016T4,2203.3
Melilla,2016,4,2016T4,1504.8
"Murcia, Región de",2016,4,2016T4,970.3
"Navarra, Comunidad Foral de",2016,4,2016T4,1300.0
País Vasco,2016,4,2016T4,2356.2
"Rioja, La",2016,4,2016T4,1098.3
Comunitat Valenciana,2016,4,2016T4,1095.4
Andalucía,2017,1,2017T1,1227.9
Aragón,2017,1,2017T1,1165.0
"Asturias, Principado de",2017,1,2017T1,1263.8
"Balears, Illes",2017,1,2017T1,2064.5
Canarias,2017,1,2017T1,1386.7
Cantabria,2017,1,2017T1,1495.4
Castilla y León,2017,1,2017T1,1052.2
Castilla-La Mancha,2017,1,2017T1,878.9
Cataluña,2017,1,2017T1,1829.1
Ceuta,2017,1,2017T1,1755.7
Comunitat Valenciana,2017,1,2017T1,1158.0
Extremadura,2017,1,2017T1,864.6
Galicia,2017,1,2017T1,1179.6
"Madrid, Comunidad de",2017,1,2017T1,2234.5
Melilla,2017,1,2017T1,1551.6
"Murcia, Región de",2017,1,2017T1,973.7
"Navarra, Comunidad Foral de",2017,1,2017T1,1342.2
País Vasco,2017,1,2017T1,2396.8
"Rioja, La",2017,1,2017T1,1076.6
Comunitat Valenciana,2017,1,2017T1,1099.2
Andalucía,2017,2,2017T2,1232.7
Aragón,2017,2,2017T2,1152.8
"Asturias, Principado de",2017,2,2017T2,1254.0
"Balears, Illes",2017,2,2017T2,2108.2
Canarias,2017,2,2017T2,1403.1
Cantabria,2017,2,2017T2,1473.5
Castilla y León,2017,2,2017T2,1044.8
Castilla-La Mancha,2017,2,2017T2,874.2
Cataluña,2017,2,2017T2,1834.0
Ceuta,2017,2,2017T2,1818.7
Comunitat Valenciana,2017,2,2017T2,1149.6
Extremadura,2017,2,2017T2,862.9
Galicia,2017,2,2017T2,1186.6
"Madrid, Comunidad de",2017,2,2017T2,2263.6
Melilla,2017,2,2017T2,1572.5
"Murcia, Región de",2017,2,2017T2,971.4
"Navarra, Comunidad Foral de",2017,2,2017T2,1325.4
País Vasco,2017,2,2017T2,2396.9
"Rioja, La",2017,2,2017T2,1100.9
Comunitat Valenciana,2017,2,2017T2,1081.9
Andalucía,2017,3,2017T3,1222.7
Aragón,2017,3,2017T3,1168.8
"Asturias, Principado de",2017,3,2017T3,1288.7
"Balears, Illes",2017,3,2017T3,2151.1
Canarias,2017,3,2017T3,1419.6
Cantabria,2017,3,2017T3,1477.0
Castilla y León,2017,3,2017T3,1042.8
Castilla-La Mancha,2017,3,2017T3,873.9
Cataluña,2017,3,2017T3,1871.4
Ceuta,2017,3,2017T3,1763.3
Comunitat Valenciana,2017,3,2017T3,1144.5
Extremadura,2017,3,2017T3,854.5
Galicia,2017,3,2017T3,1198.8
"Madrid, Comunidad de",2017,3,2017T3,2305.2
Melilla,2017,3,2017T3,1563.1
"Murcia, Región de",2017,3,2017T3,967.9
"Navarra, Comunidad Foral de",2017,3,2017T3,1335.9
País Vasco,2017,3,2017T3,2366.8
"Rioja, La",2017,3,2017T3,1071.7
Comunitat Valenciana,2017,3,2017T3,1084.6
Andalucía,2017,4,2017T4,1245.7
Aragón,2017,4,2017T4,1188.0
"Asturias, Principado de",2017,4,2017T4,1295.0
"Balears, Illes",2017,4,2017T4,2205.4
Canarias,2017,4,2017T4,1428.1
Cantabria,2017,4,2017T4,1468.6
Castilla y León,2017,4,2017T4,1046.6
Castilla-La Mancha,2017,4,2017T4,874.2
Cataluña,2017,4,2017T4,1892.6
Ceuta,2017,4,2017T4,1754.9
Comunitat Valenciana,2017,4,2017T4,1157.7
Extremadura,2017,4,2017T4,866.0
Galicia,2017,4,2017T4,1185.2
"Madrid, Comunidad de",2017,4,2017T4,2354.9
Melilla,2017,4,2017T4,1520.7
"Murcia, Región de",2017,4,2017T4,990.1
"Navarra, Comunidad Foral de",2017,4,2017T4,1353.9
País Vasco,2017,4,2017T4,2387.0
"Rioja, La",2017,4,2017T4,1078.0
Comunitat Valenciana,2017,4,2017T4,1092.7
Andalucía,2018,1,2018T1,1245.5
Aragón,2018,1,2018T1,1171.5
"Asturias, Principado de",2018,1,2018T1,1260.5
"Balears, Illes",2018,1,2018T1,2208.4
Canarias,2018,1,2018T1,1440.8
Cantabria,2018,1,2018T1,1428.1
Castilla y León,2018,1,2018T1,1045.4
Castilla-La Mancha,2018,1,2018T1,869.5
Cataluña,2018,1,2018T1,1906.0
Ceuta,2018,1,2018T1,1790.5
Comunitat Valenciana,2018,1,2018T1,1176.6
Extremadura,2018,1,2018T1,861.7
Galicia,2018,1,2018T1,1188.9
"Madrid, Comunidad de",2018,1,2018T1,2413.2
Melilla,2018,1,2018T1,1556.5
"Murcia, Región de",2018,1,2018T1,990.5
"Navarra, Comunidad Foral de",2018,1,2018T1,1325.1
País Vasco,2018,1,2018T1,2360.4
"Rioja, La",2018,1,2018T1,1078.7
Comunitat Valenciana,2018,1,2018T1,1116.6
Andalucía,2018,2,2018T2,1261.5
Aragón,2018,2,2018T2,1186.9
"Asturias, Principado de",2018,2,2018T2,1274.2
"Balears, Illes",2018,2,2018T2,2214.2
Canarias,2018,2,2018T2,1458.2
Cantabria,2018,2,2018T2,1450.2
Castilla y León,2018,2,2018T2,1036.1
Castilla-La Mancha,2018,2,2018T2,864.9
Cataluña,2018,2,2018T2,1948.6
Ceuta,2018,2,2018T2,1728.9
Comunitat Valenciana,2018,2,2018T2,1181.0
Extremadura,2018,2,2018T2,857.9
Galicia,2018,2,2018T2,1197.7
"Madrid, Comunidad de",2018,2,2018T2,2481.5
Melilla,2018,2,2018T2,1613.2
"Murcia, Región de",2018,2,2018T2,985.8
"Navarra, Comunidad Foral de",2018,2,2018T2,1367.0
País Vasco,2018,2,2018T2,2381.2
"Rioja, La",2018,2,2018T2,1110.9
Comunitat Valenciana,2018,2,2018T2,1130.9
Andalucía,2018,3,2018T3,1267.6
Aragón,2018,3,2018T3,1179.9
"Asturias, Principado de",2018,3,2018T3,1276.6
"Balears, Illes",2018,3,2018T3,2262.9
Canarias,2018,3,2018T3,1486.1
Cantabria,2018,3,2018T3,1437.1
Castilla y León,2018,3,2018T3,1037.1
Castilla-La Mancha,2018,3,2018T3,875.2
Cataluña,2018,3,2018T3,1961.4
Ceuta,2018,3,2018T3,1710.6
Comunitat Valenciana,2018,3,2018T3,1167.4
Extremadura,2018,3,2018T3,856.1
Galicia,2018,3,2018T3,1177.9
"Madrid, Comunidad de",2018,3,2018T3,2496.7
Melilla,2018,3,2018T3,1604.9
"Murcia, Región de",2018,3,2018T3,963.1
"Navarra, Comunidad Foral de",2018,3,2018T3,1376.7
País Vasco,2018,3,2018T3,2339.3
"Rioja, La",2018,3,2018T3,1136.0
Comunitat Valenciana,2018,3,2018T3,1113.0
Andalucía,2018,4,2018T4,1298.5
Aragón,2018,4,2018T4,1216.9
"Asturias, Principado de",2018,4,2018T4,1276.6
"Balears, Illes",2018,4,2018T4,2272.7
Canarias,2018,4,2018T4,1484.8
Cantabria,2018,4,2018T4,1479.5
Castilla y León,2018,4,2018T4,1045.8
Castilla-La Mancha,2018,4,2018T4,890.0
Cataluña,2018,4,2018T4,2002.0
Ceuta,2018,4,2018T4,1687.5
Comunitat Valenciana,2018,4,2018T4,1200.8
Extremadura,2018,4,2018T4,869.1
Galicia,2018,4,2018T4,1193.2
"Madrid, Comunidad de",2018,4,2018T4,2546.0
Melilla,2018,4,2018T4,1653.9
"Murcia, Región de",2018,4,2018T4,976.9
"Navarra, Comunidad Foral de",2018,4,2018T4,1383.7
País Vasco,2018,4,2018T4,2375.6
"Rioja, La",2018,4,2018T4,1129.7
Comunitat Valenciana,2018,4,2018T4,1149.3
Andalucía,2019,1,2019T1,1303.7
Aragón,2019,1,2019T1,1206.4
"Asturias, Principado de",2019,1,2019T1,1274.7
"Balears, Illes",2019,1,2019T1,2321.3
Canarias,2019,1,2019T1,1512.5
Cantabria,2019,1,2019T1,1456.2
Castilla y León,2019,1,2019T1,1049.6
Castilla-La Mancha,2019,1,2019T1,885.7
Cataluña,2019,1,2019T1,2018.9
Ceuta,2019,1,2019T1,1728.7
Comunitat Valenciana,2019,1,2019T1,1225.7
Extremadura,2019,1,2019T1,847.8
Galicia,2019,1,2019T1,1190.4
"Madrid, Comunidad de",2019,1,2019T1,2612.7
Melilla,2019,1,2019T1,1687.7
"Murcia, Región de",2019,1,2019T1,1003.1
"Navarra, Comunidad Foral de",2019,1,2019T1,1417.2
País Vasco,2019,1,2019T1,2405.6
"Rioja, La",2019,1,2019T1,1128.6
Comunitat Valenciana,2019,1,2019T1,1177.5
Andalucía,2019,2,2019T2,1304.3
Aragón,2019,2,2019T2,1223.9
"Asturias, Principado de",2019,2,2019T2,1303.7
"Balears, Illes",2019,2,2019T2,2324.8
Canarias,2019,2,2019T2,1517.0
Cantabria,2019,2,2019T2,1469.9
Castilla y León,2019,2,2019T2,1034.0
Castilla-La Mancha,2019,2,2019T2,877.6
Cataluña,2019,2,2019T2,2032.0
Ceuta,2019,2,2019T2,1731.4
Comunitat Valenciana,2019,2,2019T2,1226.8
Extremadura,2019,2,2019T2,862.0
Galicia,2019,2,2019T2,1203.2
"Madrid, Comunidad de",2019,2,2019T2,2610.3
Melilla,2019,2,2019T2,1641.9
"Murcia, Región de",2019,2,2019T2,997.4
"Navarra, Comunidad Foral de",2019,2,2019T2,1412.2
País Vasco,2019,2,2019T2,2378.3
"Rioja, La",2019,2,2019T2,1088.1
Comunitat Valenciana,2019,2,2019T2,1182.4
Andalucía,2019,3,2019T3,1309.1
Aragón,2019,3,2019T3,1230.0
"Asturias, Principado de",2019,3,2019T3,1268.7
"Balears, Illes",2019,3,2019T3,2371.9
Canarias,2019,3,2019T3,1516.6
Cantabria,2019,3,2019T3,1490.2
Castilla y León,2019,3,2019T3,1037.5
Castilla-La Mancha,2019,3,2019T3,884.5
Cataluña,2019,3,2019T3,2028.6
Ceuta,2019,3,2019T3,1786.1
Comunitat Valenciana,2019,3,2019T3,1217.1
Extremadura,2019,3,2019T3,865.9
Galicia,2019,3,2019T3,1197.4
"Madrid, Comunidad de",2019,3,2019T3,2611.1
Melilla,2019,3,2019T3,1613.3
"Murcia, Región de",2019,3,2019T3,989.3
"Navarra, Comunidad Foral de",2019,3,2019T3,1439.9
País Vasco,2019,3,2019T3,2402.8
"Rioja, La",2019,3,2019T3,1073.6
Comunitat Valenciana,2019,3,2019T3,1172.3
Andalucía,2019,4,2019T4,1315.5
Aragón,2019,4,2019T4,1225.1
"Asturias, Principado de",2019,4,2019T4,1269.8
"Balears, Illes",2019,4,2019T4,2425.2
Canarias,2019,4,2019T4,1530.9
Cantabria,2019,4,2019T4,1447.4
Castilla y León,2019,4,2019T4,1039.2
Castilla-La Mancha,2019,4,2019T4,888.0
Cataluña,2019,4,2019T4,2037.3
Ceuta,2019,4,2019T4,1732.4
Comunitat Valenciana,2019,4,2019T4,1232.0
Extremadura,2019,4,2019T4,858.5
Galicia,2019,4,2019T4,1205.4
"Madrid, Comunidad de",2019,4,2019T4,2671.7
Melilla,2019,4,2019T4,1667.7
"Murcia, Región de",2019,4,2019T4,974.0
"Navarra, Comunidad Foral de",2019,4,2019T4,1467.5
País Vasco,2019,4,2019T4,2424.4
"Rioja, La",2019,4,2019T4,1108.4
Comunitat Valenciana,2019,4,2019T4,1196.5
Andalucía,2020,1,2020T1,1312.3
Aragón,2020,1,2020T1,1214.7
"Asturias, Principado de",2020,1,2020T1,1262.8
"Balears, Illes",2020,1,2020T1,2379.2
Canarias,2020,1,2020T1,1533.2
Cantabria,2020,1,2020T1,1455.0
Castilla y León,2020,1,2020T1,1036.7
Castilla-La Mancha,2020,1,2020T1,873.2
Cataluña,2020,1,2020T1,2030.2
Ceuta,2020,1,2020T1,1745.6
Comunitat Valenciana,2020,1,2020T1,1214.2
Extremadura,2020,1,2020T1,867.8
Galicia,2020,1,2020T1,1198.2
"Madrid, Comunidad de",2020,1,2020T1,2637.2
Melilla,2020,1,2020T1,1624.2
"Murcia, Región de",2020,1,2020T1,982.6
"Navarra, Comunidad Foral de",2020,1,2020T1,1434.3
País Vasco,2020,1,2020T1,2401.9
"Rioja, La",2020,1,2020T1,1102.7
Comunitat Valenciana,2020,1,2020T1,1184.4
Andalucía,2020,2,2020T2,1292.4
Aragón,2020,2,2020T2,1179.0
"Asturias, Principado de",2020,2,2020T2,1270.5
"Balears, Illes",2020,2,2020T2,2332.8
Canarias,2020,2,2020T2,1484.1
Cantabria,2020,2,2020T2,1411.9
Castilla y León,2020,2,2020T2,1024.6
Castilla-La Mancha,2020,2,2020T2,855.6
Cataluña,2020,2,2020T2,1986.9
Ceuta,2020,2,2020T2,1749.9
Comunitat Valenciana,2020,2,2020T2,1183.7
Extremadura,2020,2,2020T2,850.1
Galicia,2020,2,2020T2,1185.3
"Madrid, Comunidad de",2020,2,2020T2,2589.0
Melilla,2020,2,2020T2,1647.6
"Murcia, Región de",2020,2,2020T2,948.3
"Navarra, Comunidad Foral de",2020,2,2020T2,1396.3
País Vasco,2020,2,2020T2,2391.3
"Rioja, La",2020,2,2020T2,1077.0
Comunitat Valenciana,2020,2,2020T2,1150.5
Andalucía,2020,3,2020T3,1290.4
Aragón,2020,3,2020T3,1194.3
"Asturias, Principado de",2020,3,2020T3,1275.6
"Balears, Illes",2020,3,2020T3,2381.5
Canarias,2020,3,2020T3,1494.5
Cantabria,2020,3,2020T3,1449.9
Castilla y León,2020,3,2020T3,1024.8
Castilla-La Mancha,2020,3,2020T3,875.3
Cataluña,2020,3,2020T3,1998.9
Ceuta,2020,3,2020T3,1806.0
Comunitat Valenciana,2020,3,2020T3,1208.3
Extremadura,2020,3,2020T3,844.4
Galicia,2020,3,2020T3,1201.6
"Madrid, Comunidad de",2020,3,2020T3,2610.3
Melilla,2020,3,2020T3,1684.5
"Murcia, Región de",2020,3,2020T3,957.7
"Navarra, Comunidad Foral de",2020,3,2020T3,1396.2
País Vasco,2020,3,2020T3,2343.5
"Rioja, La",2020,3,2020T3,1089.9
Comunitat Valenciana,2020,3,2020T3,1179.7
Andalucía,2020,4,2020T4,1310.0
Aragón,2020,4,2020T4,1202.6
"Asturias, Principado de",2020,4,2020T4,1247.3
"Balears, Illes",2020,4,2020T4,2398.1
Canarias,2020,4,2020T4,1510.4
Cantabria,2020,4,2020T4,1432.8
Castilla y León,2020,4,2020T4,1023.1
Castilla-La Mancha,2020,4,2020T4,886.0
Cataluña,2020,4,2020T4,1991.6
Ceuta,2020,4,2020T4,1781.7
Comunitat Valenciana,2020,4,2020T4,1217.8
Extremadura,2020,4,2020T4,852.3
Galicia,2020,4,2020T4,1206.2
"Madrid, Comunidad de",2020,4,2020T4,2573.6
Melilla,2020,4,2020T4,1657.4
"Murcia, Región de",2020,4,2020T4,977.6
"Navarra, Comunidad Foral de",2020,4,2020T4,1408.0
País Vasco,2020,4,2020T4,2391.7
"Rioja, La",2020,4,2020T4,1111.4
Comunitat Valenciana,2020,4,2020T4,1193.0
Andalucía,2021,1,2021T1,1303.1
Aragón,2021,1,2021T1,1180.6
"Asturias, Principado de",2021,1,2021T1,1283.6
"Balears, Illes",2021,1,2021T1,2363.4
Canarias,2021,1,2021T1,1498.6
Cantabria,2021,1,2021T1,1441.2
Castilla y León,2021,1,2021T1,1015.4
Castilla-La Mancha,2021,1,2021T1,870.4
Cataluña,2021,1,2021T1,2016.2
Ceuta,2021,1,2021T1,1786.0
Comunitat Valenciana,2021,1,2021T1,1220.6
Extremadura,2021,1,2021T1,833.5
Galicia,2021,1,2021T1,1210.2
"Madrid, Comunidad de",2021,1,2021T1,2598.6
Melilla,2021,1,2021T1,1647.5
"Murcia, Región de",2021,1,2021T1,981.1
"Navarra, Comunidad Foral de",2021,1,2021T1,1418.5
País Vasco,2021,1,2021T1,2428.7
"Rioja, La",2021,1,2021T1,1079.0
Comunitat Valenciana,2021,1,2021T1,1196.3
Andalucía,2021,2,2021T2,1327.9
Aragón,2021,2,2021T2,1195.1
"Asturias, Principado de",2021,2,2021T2,1285.3
"Balears, Illes",2021,2,2021T2,2443.8
Canarias,2021,2,2021T2,1521.6
Cantabria,2021,2,2021T2,1468.4
Castilla y León,2021,2,2021T2,1011.8
Castilla-La Mancha,2021,2,2021T2,882.4
Cataluña,2021,2,2021T2,2041.1
Ceuta,2021,2,2021T2,1796.6
Comunitat Valenciana,2021,2,2021T2,1245.2
Extremadura,2021,2,2021T2,843.9
Galicia,2021,2,2021T2,1206.4
"Madrid, Comunidad de",2021,2,2021T2,2661.4
Melilla,2021,2,2021T2,1689.0
"Murcia, Región de",2021,2,2021T2,1000.0
"Navarra, Comunidad Foral de",2021,2,2021T2,1410.4
País Vasco,2021,2,2021T2,2431.1
"Rioja, La",2021,2,2021T2,1089.3
Comunitat Valenciana,2021,2,2021T2,1227.1
Andalucía,2021,3,2021T3,1351.5
Aragón,2021,3,2021T3,1211.6
"Asturias, Principado de",2021,3,2021T3,1293.5
"Balears, Illes",2021,3,2021T3,2495.7
Canarias,2021,3,2021T3,1546.5
Cantabria,2021,3,2021T3,1480.5
Castilla y León,2021,3,2021T3,1030.2
Castilla-La Mancha,2021,3,2021T3,887.1
Cataluña,2021,3,2021T3,2037.6
Ceuta,2021,3,2021T3,1797.7
Comunitat Valenciana,2021,3,2021T3,1254.8
Extremadura,2021,3,2021T3,856.6
Galicia,2021,3,2021T3,1212.5
"Madrid, Comunidad de",2021,3,2021T3,2684.9
Melilla,2021,3,2021T3,1699.1
"Murcia, Región de",2021,3,2021T3,985.8
"Navarra, Comunidad Foral de",2021,3,2021T3,1427.6
País Vasco,2021,3,2021T3,2421.3
"Rioja, La",2021,3,2021T3,1110.6
Comunitat Valenciana,2021,3,2021T3,1220.0
Andalucía,2021,4,2021T4,1367.5
Aragón,2021,4,2021T4,1238.3
"Asturias, Principado de",2021,4,2021T4,1280.9
"Balears, Illes",2021,4,2021T4,2546.2
Canarias,2021,4,2021T4,1566.5
Cantabria,2021,4,2021T4,1467.5
Castilla y León,2021,4,2021T4,1034.0
Castilla-La Mancha,2021,4,2021T4,897.1
Cataluña,2021,4,2021T4,2090.9
Ceuta,2021,4,2021T4,1749.2
Comunitat Valenciana,2021,4,2021T4,1294.5
Extremadura,2021,4,2021T4,863.4
Galicia,2021,4,2021T4,1224.5
"Madrid, Comunidad de",2021,4,2021T4,2760.1
Melilla,2021,4,2021T4,1670.1
"Murcia, Región de",2021,4,2021T4,1027.1
"Navarra, Comunidad Foral de",2021,4,2021T4,1458.2
País Vasco,2021,4,2021T4,2454.7
"Rioja, La",2021,4,2021T4,1099.7
Comunitat Valenciana,2021,4,2021T4,1271.2
Andalucía,2022,1,2022T1,1399.6
Aragón,2022,1,2022T1,1259.3
"Asturias, Principado de",2022,1,2022T1,1303.7
"Balears, Illes",2022,1,2022T1,2611.1
Canarias,2022,1,2022T1,1594.8
Cantabria,2022,1,2022T1,1464.6
Castilla y León,2022,1,2022T1,1045.0
Castilla-La Mancha,2022,1,2022T1,913.0
Cataluña,2022,1,2022T1,2160.1
Ceuta,2022,1,2022T1,1813.9
Comunitat Valenciana,2022,1,2022T1,1320.4
Extremadura,2022,1,2022T1,864.5
Galicia,2022,1,2022T1,1236.7
"Madrid, Comunidad de",2022,1,2022T1,2846.2
Melilla,2022,1,2022T1,1737.7
"Murcia, Región de",2022,1,2022T1,1044.9
"Navarra, Comunidad Foral de",2022,1,2022T1,1509.9
País Vasco,2022,1,2022T1,2502.2
"Rioja, La",2022,1,2022T1,1128.8
Comunitat Valenciana,2022,1,2022T1,1298.6
Andalucía,2022,2,2022T2,1397.1
Aragón,2022,2,2022T2,1274.8
"Asturias, Principado de",2022,2,2022T2,1319.5
"Balears, Illes",2022,2,2022T2,2630.6
Canarias,2022,2,2022T2,1602.2
Cantabria,2022,2,2022T2,1509.6
Castilla y León,2022,2,2022T2,1052.4
Castilla-La Mancha,2022,2,2022T2,913.3
Cataluña,2022,2,2022T2,2139.6
Ceuta,2022,2,2022T2,1850.7
Comunitat Valenciana,2022,2,2022T2,1316.0
Extremadura,2022,2,2022T2,876.8
Galicia,2022,2,2022T2,1265.7
"Madrid, Comunidad de",2022,2,2022T2,2899.7
Melilla,2022,2,2022T2,1772.2
"Murcia, Región de",2022,2,2022T2,1016.4
"Navarra, Comunidad Foral de",2022,2,2022T2,1519.8
País Vasco,2022,2,2022T2,2500.1
"Rioja, La",2022,2,2022T2,1155.4
Comunitat Valenciana,2022,2,2022T2,1300.9
Andalucía,2022,3,2022T3,1414.3
Aragón,2022,3,2022T3,1267.5
"Asturias, Principado de",2022,3,2022T3,1298.8
"Balears, Illes",2022,3,2022T3,2677.4
Canarias,2022,3,2022T3,1602.3
Cantabria,2022,3,2022T3,1557.7
Castilla y León,2022,3,2022T3,1044.9
Castilla-La Mancha,2022,3,2022T3,913.2
Cataluña,2022,3,2022T3,2129.7
Ceuta,2022,3,2022T3,1849.5
Comunitat Valenciana,2022,3,2022T3,1313.0
Extremadura,2022,3,2022T3,867.6
Galicia,2022,3,2022T3,1267.7
"Madrid, Comunidad de",2022,3,2022T3,2873.9
Melilla,2022,3,2022T3,1765.4
"Murcia, Región de",2022,3,2022T3,1030.5
"Navarra, Comunidad Foral de",2022,3,2022T3,1502.3
País Vasco,2022,3,2022T3,2523.9
"Rioja, La",2022,3,2022T3,1132.4
Comunitat Valenciana,2022,3,2022T3,1288.9
Andalucía,2022,4,2022T4,1431.5
Aragón,2022,4,2022T4,1289.8
"Asturias, Principado de",2022,4,2022T4,1300.1
"Balears, Illes",2022,4,2022T4,2696.6
Canarias,2022,4,2022T4,1619.4
Cantabria,2022,4,2022T4,1512.7
Castilla y León,2022,4,2022T4,1052.3
Castilla-La Mancha,2022,4,2022T4,919.1
Cataluña,2022,4,2022T4,2145.3
Ceuta,2022,4,2022T4,1852.9
Comunitat Valenciana,2022,4,2022T4,1317.8
Extremadura,2022,4,2022T4,864.2
Galicia,2022,4,2022T4,1256.8
"Madrid, Comunidad de",2022,4,2022T4,2888.1
Melilla,2022,4,2022T4,1814.7
"Murcia, Región de",2022,4,2022T4,1025.6
"Navarra, Comunidad Foral de",2022,4,2022T4,1547.2
País Vasco,2022,4,2022T4,2517.1
"Rioja, La",2022,4,2022T4,1142.1
Comunitat Valenciana,2022,4,2022T4,1308.8
